amt;themen_codes;themen;titel;beschreibung;formate;aktualisiert;url;slug;amt_id
Kämmerei, Landeshauptstadt Wiesbaden;ECON;Wirtschaft und Finanzen;Bürgschaftsvolumen (gegenüber verbundenen Unternehmen und Dritten);Bürgschaftsvolumen (gegenüber verbundenen Unternehmen und Dritten);CSV, HTML;2026-02-23;https://opendata.cloud.wiesbaden.de/app/data-catalog/e8bbbdf0-1d98-4e2d-a0d5-d7891814895d;e8bbbdf0-1d98-4e2d-a0d5-d7891814895d;20_kaemmerei_lhw
Kämmerei, Landeshauptstadt Wiesbaden;ECON;Wirtschaft und Finanzen;Ergebnishaushalt der Landeshauptstadt Wiesbaden - 2023 bis 2025;Dieser Datensatz enthält die Rohdaten des Ergebnishaushalts der Landeshauptstadt Wiesbaden für die Jahre 2023 bis 2025. | Er umfasst Ist-Werte für das Jahr 2023 sowie Planwerte für die Jahre 2024 und 2025. Die Daten bilden Aufwendungen und Erträge der Stadtverwaltung ab und sind nach organisatorischen Einheiten (z. B. Dezernate, Ämter) sowie nach sachlichen Gliederungen (z. B. Kostenarten, Produktbereiche) strukturiert. | Der Datensatz enthält folgende Variablen: | jahr: Jahr. Datentyp: Natürliche Zahlen. Beispiel: 2024. Jahre 2023–2025 (2023 Ist-Werte, 2024 und 2025 Planwerte). | kostenartengliederung_stufe_2: Kostenartengliederung Stufe 2. Datentyp: String. Beispiel: 1. Ordentliches Ergebnis. Gliederung nach ordentlichem und außerordentlichem Ergebnis sowie internen Bezugsgrößen (direkte Leistungsverrechnung und Umlagen). | kostenartengliederung_stufe_4: Kostenartengliederung Stufe 4. Datentyp: String. Beispiel: 10. Personalaufwendungen. Gliederung nach Kostenartengruppen. | dezernat: Dezernate der Landeshauptstadt Wiesbaden. Datentyp: String. Beispiel: 3 - Dezernat III. Dezernate sind die oberste Organisationseinheit der Stadtverwaltung. | amt: Ämter der Landeshauptstadt Wiesbaden. Datentyp: String. Beispiel: 41 - Kulturamt. Organisationseinheiten für fachspezifische Aufgaben. | profitcenter: Profitcenter (Nummer und Bezeichnung). Datentyp: String. Beispiel: 1024 - 11 Personalamt. Organisatorische Einheit in der SAP-Software. Dezernate und Ämter bestehen i. d. R. aus mehreren Profitcentern. Diese Aufteilung erfolgt aufgrund zu unterschiedenen Aufgabengebieten oder der Trennung zwischen Wiesbaden und AKK. | wiesbaden_akk: Wiesbaden / AKK. Datentyp: String. Beispiel: Wiesbaden, AKK. Unterscheidung, ob ein Profitcenter AKK oder Wiesbaden (ohne AKK) zugeordnet ist. AKK sind die drei Ortsbezirke Mainz-Amöneburg, Mainz-Kastel und Mainz-Kostheim. Die AKK Profitcenter enthalten Aufwendungen und Erträge, die diesen drei Ortsbezirken zuzuordnen sind. | produktbereich: Produktbereich. Datentyp: String. Beispiel: (01) Innere Verwaltung. Produktorientiere Zuordnung der Kontierungsobjekte anhand des Produktbuches Plus (Nachhaltigkeitsziele SDGs). Untergliederung in 1. Produktbereich, 1.1 Produktgruppe und 1.1.1 Produkt. | produktgruppe: Produktgruppe. Datentyp: String. Beispiel: (01) Verwaltungssteuerung und -service. siehe Produktbereich | statistischer_viersteller: Statistische Produktnummer mit Bezeichnung. Datentyp: String. Beispiel: 111 - Verwaltungssteuerung und -service. Analog der Produktebene im Produktbuch Plus, siehe Produktbereich | objekt_projektdefinitionen: Kontierungsobjekt. Datentyp: String. Beispiel: 1100216 - 11 Personalbetreuung Beschäftigte. Kontierungsobjekt, auf welchem die Aufwendungen und Erträge gebucht sind | betrag: Betrag. Datentyp: Reelle Zahlen. Wertebereich: -401.569.029,6 bis 97.240.000. Aufwendungen und Erträge.;CSV, HTML;2025-10-20;https://opendata.cloud.wiesbaden.de/app/data-catalog/ergebnis-und-planungshaushalt-wiesbaden;ergebnis-und-planungshaushalt-wiesbaden;20_kaemmerei_lhw
Kämmerei, Landeshauptstadt Wiesbaden;ECON;Wirtschaft und Finanzen;Liquidität (Bilanzposition „flüssige Mittel“) der Kernverwaltung;Liquidität (Bilanzposition „flüssige Mittel“) der Kernverwaltung;CSV, HTML;2026-02-23;https://opendata.cloud.wiesbaden.de/app/data-catalog/309352fd-2458-4ad9-ab61-23bca1e9697d;309352fd-2458-4ad9-ab61-23bca1e9697d;20_kaemmerei_lhw
Kämmerei, Landeshauptstadt Wiesbaden;ECON;Wirtschaft und Finanzen;Verbindlichkeiten aus Kreditaufnahmen für Investitionen;Verbindlichkeiten aus Kreditaufnahmen für Investitionen;CSV, HTML;2026-02-23;https://opendata.cloud.wiesbaden.de/app/data-catalog/8dda787c-81cb-426b-a156-170f761433be;8dda787c-81cb-426b-a156-170f761433be;20_kaemmerei_lhw
Amt für Statistik und Stadtforschung, Landeshauptstadt Wiesbaden;EDUC, SOCI, REGI;Bildung, Kultur und Sport / Bevölkerung und Gesellschaft / Regionen und Städte;Allgemeinbildende Schulen nach Schulformen in Wiesbaden - 2016 bis 2024;"Dieser Datensatz ist ein Auszug aus dem Statistischen Informationssystems des Amtes für Statistik und Stadtforschung aus dem Kapitel 'Bildung und Ausbildung'. Die Erhebungen an den allgemeinbildenden und den beruflichen Schulen beruhen auf einer Verordnung des Hessischen Kultusministeriums; sie werden jährlich im Herbst zu Beginn des Schuljahres durchgeführt und erstrecken sich auf alle öffentlichen und privaten Schulen. Alle Angaben beziehen sich auf den Schulort Wiesbaden – unabhängig vom Wohnort der Schülerinnen und Schüler. Quelle: Hessisches Statistisches Landesamt Erläuterungen: - Die Hauptschule schließt an die Grundschule an. In der Regel führt sie bis zur Jahrgangsstufe 9 und umfasst somit fünf Jahre. Ein 10. Hauptschuljahr kann eingerichtet werden. Der Schwerpunkt der Hauptschule liegt auf dem handlungs- und praxisorientierten Lernen. - Die Realschule baut auf den Lernanforderungen der Grundschule auf, schließt sich an die 4. Jahrgangsstufe der Grundschule an und umfasst die Jahrgangsstufen 5 bis 10. Die Realschule führt nach dem erfolgreichen Abschluss zur Mittleren Reife (Realschulabschluss). - Das Gymnasium baut auf den Lernanforderungen der Grundschule auf. Das neunjährige Gymnasium gliedert sich in seiner Mittelstufe in die Jahrgangsstufen 5 bis 10 und in seiner Oberstufe in die Jahrgangsstufen 11 bis 13. Das verkürzte achtjährige Gymnasium (G8) gliedert sich in seiner Mittelstufe in die Jahrgangsstufen 5 bis 9 und in seiner Oberstufe in die Jahrgangsstufen 10 bis 12. Mit dem Abschluss der Oberstufe, die aus der einjährigen Einführungsphase und der zweijährigen Qualifikationsphase besteht, wird die allgemeine Hochschulreife erworben. Mittel- und Oberstufen können auch organisatorisch selbständig geführt werden. - Schulen verschiedener Bildungsgänge können in Gesamtschulen zu einer pädagogischen, organisatorischen und räumlichen Einheit zusammengefasst werden. In Wiesbaden wird derzeit nur noch die integrierte Gesamtschule geführt, in der die einzelnen Schulformen aufgehoben sind und der Unterricht stattdessen nach dem Kursprinzip organisiert wird. Die integrierte Gesamtschule beginnt mit der Jahrgangsstufe 5 und endet mit der Jahrgangsstufe 10. Neben dem Hauptschulabschluss kann die Mittlere Reife erworben werden. - Die Förderschule (früher: Sonderschule) wird von Schülerinnen und Schülern besucht, die auf Dauer oder für längere Zeit einer sonderpädagogischen Förderung bedürfen. Förderschulen können als selbständige Einrichtungen oder als Zweige/Klassen an Regelschulen eingerichtet werden. Förderschulen gibt es in Wiesbaden als Schule für Lernhilfe, Schule für Praktisch Bildbare, Schule für Körperbehinderte, Sprachheilschule und Schule für Kranke. Spaltenübersicht: - Schuljahr - Allgemeinbildende Schulen - Allgemeinbildende Grundschulen - Allgemeinbildende Hauptschulen - Allgemeinbildende Realschulen - Allgemeinbildende Mittelstufenschulen - Allgemeinbildende Gymnasien - Allgemeinbildende Gesamtschulen - Allgemeinbildende Förderschulen - Allgemeinbildende öffentliche Schulen - Allgemeinbildende öffentliche Grundschulen - Allgemeinbildende öffentliche Hauptschulen - Allgemeinbildende öffentliche Realschulen - Allgemeinbildende öffentliche Mittelstufenschulen - Allgemeinbildende öffentliche Gymnasien - Allgemeinbildende öffentliche Gesamtschulen - Allgemeinbildende öffentliche Förderschulen - Allgemeinbildende private Schulen - Allgemeinbildende private Grundschulen - Allgemeinbildende private Hauptschulen - Allgemeinbildende private Realschulen - Allgemeinbildende private Mittelstufenschulen - Allgemeinbildende private Gymnasien - Allgemeinbildende private Gesamtschulen - Allgemeinbildende private Förderschulen Weitere Informationen und Graphiken sind zu finden im Kapitel 'Bildung und Ausbildung' unter https://www.wiesbaden.de/jahrbuch. Bei Fragen und Wünschen bitte an das Postfach statistik@wiesbaden.de wenden.";CSV, JSON;2026-01-14;https://opendata.cloud.wiesbaden.de/app/data-catalog/753d8a0e-518d-44e8-ad9a-ad6322832c71;753d8a0e-518d-44e8-ad9a-ad6322832c71;12_statistik_stadtforschung_lhw
Amt für Statistik und Stadtforschung, Landeshauptstadt Wiesbaden;EDUC, SOCI, REGI;Bildung, Kultur und Sport / Bevölkerung und Gesellschaft / Regionen und Städte;Schülerinnen und Schüler an Schulen für Erwachsene in Wiesbaden - 2016 bis 2024;"Dieser Datensatz ist ein Auszug aus dem Statistischen Informationssystems des Amtes für Statistik und Stadtforschung aus dem Kapitel 'Bildung und Ausbildung'. Die Erhebungen an den allgemeinbildenden und den beruflichen Schulen beruhen auf einer Verordnung des Hessischen Kultusministeriums; sie werden jährlich im Herbst zu Beginn des Schuljahres durchgeführt und erstrecken sich auf alle öffentlichen und privaten Schulen. Alle Angaben beziehen sich auf den Schulort Wiesbaden – unabhängig vom Wohnort der Schülerinnen und Schüler. Aus Gründen des Datenschutzes und der statistischen Geheimhaltung werden Einzelwerte mit sehr geringen Fallzahlen nicht ausgewiesen. Betroffene Werte sind in den bereitgestellten Daten als fehlend gekennzeichnet (leeres Feld im CSV bzw. null im JSON). Quelle: Hessisches Statistisches Landesamt Erläuterungen: - Schulen für Erwachsene sind in Wiesbaden das Abendgymnasium, die Abendrealschule und Abendhauptschule sowie das Hessenkolleg. - Migrationshintergrund: Bei Schülerinnen und Schülern ist ein Migrationshintergrund anzunehmen, wenn mindestens eines der folgenden Merkmale zutrifft: mindestens eine nichtdeutsche Staatsangehörigkeit; nichtdeutsches Geburtsland; nichtdeutsche Verkehrssprache in der Familie bzw. im häuslichen Umfeld. Spaltenübersicht: - Jahr - Schülerinnen und Schüler an Schulen für Erwachsene - Hauptschülerinnen und Hauptschüler an Schulen für Erwachsene - Realschülerinnen und Realschüler an Schulen für Erwachsene - Gymnasiastinnen und Gymnasiasten an Schulen für Erwachsene - Kollegschülerinnen und Kollegschüler an Schulen für Erwachsene - Schülerinnen an Schulen für Erwachsene - Hauptschülerinnen an Schulen für Erwachsene - Realschülerinnen an Schulen für Erwachsene - Gymnasiastinnen an Schulen für Erwachsene - Kollegschülerinnen an Schulen für Erwachsene - Ausländische Schülerinnen und Schüler an Schulen für Erwachsene - Ausländische Hauptschülerinnen und Hauptschüler an Schulen für Erwachsene - Ausländische Realschülerinnen und Realschüler an Schulen für Erwachsene - Ausländische Gymnasiastinnen und Gymnasiasten an Schulen für Erwachsene - Ausländische Kollegschülerinnen und Kollegschüler an Schulen für Erwachsene - Schülerinnen und Schüler mit Migrationshintergrund an Schulen für Erwachsene - Hauptschülerinnen und Hauptschüler mit Migrationshintergrund an Schulen für Erwachsene - Realschülerinnen und Realschüler mit Migrationshintergrund an Schulen für Erwachsene - Gymnasiastinnen und Gymnasiasten mit Migrationshintergrund an Schulen für Erwachsene - Kollegschülerinnen und Kollegschüler mit Migrationshintergrund an Schulen für Erwachsene Weitere Informationen und Graphiken sind zu finden im Kapitel 'Bildung und Ausbildung' unter https://www.wiesbaden.de/jahrbuch. Bei Fragen und Wünschen bitte an das Postfach statistik@wiesbaden.de wenden.";CSV, JSON;2026-01-14;https://opendata.cloud.wiesbaden.de/app/data-catalog/f4ae0f21-9875-466e-a0cd-c9ae92da93e4;f4ae0f21-9875-466e-a0cd-c9ae92da93e4;12_statistik_stadtforschung_lhw
Amt für Statistik und Stadtforschung, Landeshauptstadt Wiesbaden;EDUC, SOCI, REGI;Bildung, Kultur und Sport / Bevölkerung und Gesellschaft / Regionen und Städte;Schülerinnen und Schüler an allgemeinbildenden Schulen nach Jahrgangsstufen in Wiesbaden - 2016 bis 2024;"Dieser Datensatz ist ein Auszug aus dem Statistischen Informationssystems des Amtes für Statistik und Stadtforschung aus dem Kapitel 'Bildung und Ausbildung'. Die Erhebungen an den allgemeinbildenden und den beruflichen Schulen beruhen auf einer Verordnung des Hessischen Kultusministeriums; sie werden jährlich im Herbst zu Beginn des Schuljahres durchgeführt und erstrecken sich auf alle öffentlichen und privaten Schulen. Alle Angaben beziehen sich auf den Schulort Wiesbaden – unabhängig vom Wohnort der Schülerinnen und Schüler. Aus Gründen des Datenschutzes und der statistischen Geheimhaltung werden Einzelwerte mit sehr geringen Fallzahlen nicht ausgewiesen. Betroffene Werte sind in den bereitgestellten Daten als fehlend gekennzeichnet (leeres Feld im CSV bzw. null im JSON). Quelle: Hessisches Statistisches Landesamt Erläuterungen: - Migrationshintergrund: Bei Schülerinnen und Schülern ist ein Migrationshintergrund anzunehmen, wenn mindestens eines der folgenden Merkmale zutrifft: mindestens eine nichtdeutsche Staatsangehörigkeit; nichtdeutsches Geburtsland; nichtdeutsche Verkehrssprache in der Familie bzw. im häuslichen Umfeld. Spaltenübersicht: - Jahr - Jahrgangsstufe - Schülerinnen und Schüler an allgemeinbildenden Schulen - Schülerinnen an allgemeinbildenden Schulen - Ausländische Schülerinnen und Schüler an allgemeinbildenden Schulen - Schülerinnen und Schüler mit Migrationshintergrund an allgemeinbildenden Schulen Weitere Informationen und Graphiken sind zu finden im Kapitel 'Bildung und Ausbildung' unter https://www.wiesbaden.de/jahrbuch. Bei Fragen und Wünschen bitte an das Postfach statistik@wiesbaden.de wenden.";CSV, JSON;2026-01-14;https://opendata.cloud.wiesbaden.de/app/data-catalog/46db4fb5-a09b-4362-af9b-2556a98b21be;46db4fb5-a09b-4362-af9b-2556a98b21be;12_statistik_stadtforschung_lhw
Amt für Statistik und Stadtforschung, Landeshauptstadt Wiesbaden;EDUC, SOCI, REGI;Bildung, Kultur und Sport / Bevölkerung und Gesellschaft / Regionen und Städte;Schülerinnen und Schüler an beruflichen Schulen in Wiesbaden - 2016 bis 2024;"Dieser Datensatz ist ein Auszug aus dem Statistischen Informationssystems des Amtes für Statistik und Stadtforschung aus dem Kapitel 'Bildung und Ausbildung'. Die Erhebungen an den allgemeinbildenden und den beruflichen Schulen beruhen auf einer Verordnung des Hessischen Kultusministeriums; sie werden jährlich im Herbst zu Beginn des Schuljahres durchgeführt und erstrecken sich auf alle öffentlichen und privaten Schulen. Alle Angaben beziehen sich auf den Schulort Wiesbaden – unabhängig vom Wohnort der Schülerinnen und Schüler. Aus Gründen des Datenschutzes und der statistischen Geheimhaltung werden Einzelwerte mit sehr geringen Fallzahlen nicht ausgewiesen. Betroffene Werte sind in den bereitgestellten Daten als fehlend gekennzeichnet (leeres Feld im CSV bzw. null im JSON). Quelle: Hessisches Statistisches Landesamt Erläuterungen: - Da das System der beruflichen Ausbildung durch eine zunehmende Ausdifferenzierung gekennzeichnet ist, unterscheiden wir nach dem Bildungsziel fünf verschiedene Teilsysteme. Die duale Berufsausbildung führt zu einem gesetzlich anerkannten Ausbildungsberuf, wobei die Ausbildung parallel in Betrieben und Berufsschulen stattfindet. Auch die rein Schulische Berufsausbildung führt zu einem gesetzlich anerkannten Ausbildungsberuf. Bildungsangebote des Beruflichen Übergangs führen dagegen zu keinem Ausbildungsabschluss, sondern dienen lediglich zur Verbesserung der individuellen Kompetenzen von Jugendlichen zur Aufnahme einer Ausbildung oder Beschäftigung. Bildungsangebote des Schulischen Übergangs vermitteln neben Teilen einer Berufsausbildung vor allem eine Studienberechtigung. Bildungsangebote der Beruflichen Weiterbildung bauen auf einer beruflichen Erstqualifikation auf und vertiefen die berufliche Fachbildung. Allgemeinbildende schulische Abschlüsse können dabei vielfach in beruflichen Schulen nachgeholt werden. Spaltenübersicht: - Jahr - Schülerinnen und Schüler an beruflichen Schulen - Schülerinnen und Schüler an beruflichen Schulen in der dualen Ausbildung - Schülerinnen und Schüler an beruflichen Schulen in der schulischen Berufsausbildung - Schülerinnen und Schüler an beruflichen Schulen im beruflichen Übergang - Schülerinnen und Schüler im schulischen Übergang - Schülerinnen und Schüler an beruflichen Schulen in der beruflichen Weiterbildung - Schülerinnen an beruflichen Schulen - Schülerinnen an beruflichen Schulen in der dualen Ausbildung - Schülerinnen an beruflichen Schulen in der schulischen Berufsausbildung - Schülerinnen an beruflichen Schulen im beruflichen Übergang - Schülerinnen an beruflichen Schulen im schulischen Übergang - Schülerinnen an beruflichen Schulen in der beruflichen Weiterbildung - Ausländische Schülerinnen und Schüler an beruflichen Schulen - Ausländische Schülerinnen und Schüler an beruflichen Schulen in der dualen Ausbildung - Ausländische Schülerinnen und Schüler an beruflichen Schulen in der schulischen Berufsausbildung - Ausländische Schülerinnen und Schüler an beruflichen Schulen im beruflichen Übergang - Ausländische Schülerinnen und Schüler an beruflichen Schulen im schulischen Übergang - Ausländische Schülerinnen und Schüler an beruflichen Schulen in der beruflichen Weiterbildung Weitere Informationen und Graphiken sind zu finden im Kapitel 'Bildung und Ausbildung' unter https://www.wiesbaden.de/jahrbuch. Bei Fragen und Wünschen bitte an das Postfach statistik@wiesbaden.de wenden.";CSV, JSON;2026-01-14;https://opendata.cloud.wiesbaden.de/app/data-catalog/057622e3-7721-42f6-ae93-d69ae1d3983a;057622e3-7721-42f6-ae93-d69ae1d3983a;12_statistik_stadtforschung_lhw
Amt für Statistik und Stadtforschung, Landeshauptstadt Wiesbaden;GOVE, REGI;Regierung und öffentlicher Sektor / Regionen und Städte;Altersgruppen der Wahlberechtigten zur Stadtverordnetenversammlung und zu den Ortsbeiräten nach Ortsbezirken in Wiesbaden - 2026;Bestandteil des Strukturdatenhefts zur Kommunalwahl 2026 der Landeshauptstadt Wiesbaden. Wahlberechtigte zur Stadtverordnetenversammlung und zu den Ortsbeiräten nach Altersgruppen und Ortsbezirken. Quelle: Melderegister. Weitere Informationen unter https://www.wiesbaden.de/leben-in-wiesbaden/stadtportraet/daten-fakten/wahlanalysen.;CSV;2026-02-19;https://opendata.cloud.wiesbaden.de/app/data-catalog/6cc7e08d-a064-42b5-8d52-43d3cdf29209;6cc7e08d-a064-42b5-8d52-43d3cdf29209;12_statistik_stadtforschung_lhw
Amt für Statistik und Stadtforschung, Landeshauptstadt Wiesbaden;GOVE, REGI;Regierung und öffentlicher Sektor / Regionen und Städte;Durchschnittsalter und Frauenanteil der Kandidierenden und Wahlberechtigten zu den Kommunalwahlen in Wiesbaden - 2026;Bestandteil des Strukturdatenhefts zur Kommunalwahl 2026 der Landeshauptstadt Wiesbaden. Durchschnittsalter und Frauenanteil von Kandidierenden und Wahlberechtigten. Quelle: Melderegister. Weitere Informationen unter https://www.wiesbaden.de/leben-in-wiesbaden/stadtportraet/daten-fakten/wahlanalysen.;CSV;2026-02-19;https://opendata.cloud.wiesbaden.de/app/data-catalog/58a06d79-7b99-4c84-a4d1-2dfa8cf2e348;58a06d79-7b99-4c84-a4d1-2dfa8cf2e348;12_statistik_stadtforschung_lhw
Stadtplanungsamt, Landeshauptstadt Wiesbaden;GOVE, REGI;Regierung und öffentlicher Sektor / Regionen und Städte;Flächennutzungsplan in Wiesbaden - 2010;Flächennutzungsplan 2010 von Wiesbaden. Weitere Informationen unter https://www.wiesbaden.de/leben-in-wiesbaden/wohnen-bauen/stadtentwicklung/Flaechennutzungsplan;GML, HTML;2003-11-15;https://opendata.cloud.wiesbaden.de/app/data-catalog/flaechennutzungsplan-in-wiesbaden;flaechennutzungsplan-in-wiesbaden;61_stadtplanungsamt_lhw
Amt für Statistik und Stadtforschung, Landeshauptstadt Wiesbaden;GOVE, REGI;Regierung und öffentlicher Sektor / Regionen und Städte;Wahlberechtigte zum Ausländerbeirat nach Alter und Geschlecht in Wiesbaden - 2026;Bestandteil des Strukturdatenhefts zur Kommunalwahl 2026 der Landeshauptstadt Wiesbaden. Wahlberechtigte zum Ausländerbeirat nach Alter und Geschlecht. Quelle: Melderegister. Weitere Informationen unter https://www.wiesbaden.de/leben-in-wiesbaden/stadtportraet/daten-fakten/wahlanalysen.;CSV;2026-02-19;https://opendata.cloud.wiesbaden.de/app/data-catalog/1af2bb3f-6571-4b48-bfd4-c589616a0c09;1af2bb3f-6571-4b48-bfd4-c589616a0c09;12_statistik_stadtforschung_lhw
Amt für Statistik und Stadtforschung, Landeshauptstadt Wiesbaden;GOVE, REGI;Regierung und öffentlicher Sektor / Regionen und Städte;Wahlergebnisse Ortsbeiratswahl nach Ortsbezirken in Wiesbaden - 2021;Wahlergebnisse der Ortsbeiratswahl nach Ortsbezirken in Wiesbaden (Kommunalwahl 2021). Quelle: Votemanager, Wählerverzeichnis. Weitere Informationen unter https://www.wiesbaden.de/leben-in-wiesbaden/stadtportraet/daten-fakten/wahlanalysen.;CSV;2026-02-19;https://opendata.cloud.wiesbaden.de/app/data-catalog/4716bb34-3b74-4e31-bc93-4df1eccc4bf8;4716bb34-3b74-4e31-bc93-4df1eccc4bf8;12_statistik_stadtforschung_lhw
Amt für Statistik und Stadtforschung, Landeshauptstadt Wiesbaden;GOVE, REGI;Regierung und öffentlicher Sektor / Regionen und Städte;Wohndauer der Wahlberechtigten zum Ausländerbeirat in Wiesbaden - 2021 und 2026;Bestandteil des Strukturdatenhefts zur Kommunalwahl 2026 der Landeshauptstadt Wiesbaden. Wohndauer der Wahlberechtigten zum Ausländerbeirat (Vergleich 2021 und 2026). Quelle: Melderegister. Weitere Informationen unter https://www.wiesbaden.de/leben-in-wiesbaden/stadtportraet/daten-fakten/wahlanalysen.;CSV;2026-02-19;https://opendata.cloud.wiesbaden.de/app/data-catalog/5bf37711-90f0-416a-b99f-c1e367eeb886;5bf37711-90f0-416a-b99f-c1e367eeb886;12_statistik_stadtforschung_lhw
Mobilithek;GOVE, REGI, TRAN;Regierung und öffentlicher Sektor / Regionen und Städte / Verkehr;Lkw-Vorrangnetz Region Frankfurt RheinMain;Ein mit den Kommunen in der Region Frankfurt RheinMain abgestimmtes Netz an Lkw-Vorrangrouten unterschiedlicher Erschließungskategorien, referenziert auf Netzabschnitte der OpenStreetMap. Die Daten können zur Umsetzung einer umfeldverträglichen Lkw-Navigation in der Region Frankfurt RheinMain genutzt werden. Erfassung, Pflege und Publikation der Daten erfolgt im Rahmen des vom BMVI geförderten Projektes LKW-Lotse 2.0 (FKZ 16DKV42023);BIN;2023-02-20;https://opendata.cloud.wiesbaden.de/app/data-catalog/551813029077901312;551813029077901312;mobilithek
Mobilithek;GOVE, TRAN, REGI;Regierung und öffentlicher Sektor / Verkehr / Regionen und Städte;Lkw-relevante Beschilderung Region Frankfurt RheinMain (Schilderstandorte, SHAPE);Standorte und Ausprägung der für Lkw relevanten StVO-Beschilderungen. Erfassung, Pflege und Publikation der Daten erfolgt im Rahmen des vom BMDV geförderten Projektes Lkw-Lotse 2.0 (FKZ 16DKV42023);BIN;2025-02-28;https://opendata.cloud.wiesbaden.de/app/data-catalog/551817835771256832;551817835771256832;mobilithek
Amt für Statistik und Stadtforschung, Landeshauptstadt Wiesbaden;REGI;Regionen und Städte;Bautätigkeit in Wiesbaden nach Ortsbezirken – 2012 bis 2024;Dieser Datensatz ist ein Auszug aus dem Statistischen Informationssystems des Amtes für Statistik und Stadtforschung aus dem Kapitel 'Ortsbezirke'. Erläuterungen: - Als Wohnung gilt die Gesamtheit der Räume, die zur Unterbringung eines Haushalts bestimmt ist und die eine eigene Küche oder Kochnische sowie einen eigenen Wohnungseingang aufweist. - Wohngebäude sind Gebäude, die mindestens zur Hälfte (gemessen an der Gesamtnutzfläche) Wohnzwecken dienen. - In der Hauptsatzung der Landeshauptstadt Wiesbaden vom 24. März 1969 wird in § 3 die Einteilung der Stadt in – aktuell 26 – ORTSBEZIRKE festgelegt. In einigen Statistiken liegen nicht für alle Beobachtungen Angaben zum Ortsbezirk vor, so dass sich die Werte für die 26 Ortsbezirke nicht zum gesamtstädtischen Wert aufaddieren. Quelle: Hessisches Statistisches Landesamt Spaltenübersicht: - Wohnungen Insgesamt - Fertiggestellte Wohnungen - Fertiggestellte Wohngebäude - Zu- / Abgang von Wohnungen - Jahr - ortsbezirk_id - ortsbezirk_name Weitere Informationen und Graphiken sind zu finden im Kapitel 'Ortsbezirke' unter https://www.wiesbaden.de/jahrbuch. Bei Fragen und Wünschen bitte an das Postfach statistik@wiesbaden.de wenden.;CSV, JSON;2026-01-14;https://opendata.cloud.wiesbaden.de/app/data-catalog/12a473a9-c89c-4811-ab6a-6f497cc0de4b;12a473a9-c89c-4811-ab6a-6f497cc0de4b;12_statistik_stadtforschung_lhw
Amt für Statistik und Stadtforschung, Landeshauptstadt Wiesbaden;REGI;Regionen und Städte;Bodenrichtwerte in Euro je qm in Wiesbaden nach Ortsbezirken – 2001 bis 2024;Dieser Datensatz ist ein Auszug aus dem Statistischen Informationssystems des Amtes für Statistik und Stadtforschung aus dem Kapitel 'Ortsbezirke'. Erläuterungen: - Der Bodenrichtwert (§ 196 Abs.1 Baugesetzbuch) ist der durchschnittliche Lagewert des Bodens für eine Mehrheit von Grundstücken innerhalb eines abgegrenzten Gebiets („Bodenrichtwertzone“), die nach ihren Grundstücksmerkmalen weitgehend übereinstimmen und für die im Wesentlichen gleiche allgemeine Wertverhältnisse vorliegen. Die Bodenrichtwerte werden alle zwei Jahre vom Gutachterausschuss für Immobilienwerte für den Bereich der Landeshauptstadt Wiesbaden ermittelt. Der Bodenrichtwert ist bezogen auf den Quadratmeter Grundstücksfläche und gilt als Maß für den Bodenwert eines Grundstücks, hat aber keine bindende Wirkung. Dargestellt wird jeweils der Median als Durchschnitt der Bodenrichtwerte aller Gebäude in der Gesamtstadt bzw. im Ortsbezirk. - In der Hauptsatzung der Landeshauptstadt Wiesbaden vom 24. März 1969 wird in § 3 die Einteilung der Stadt in – aktuell 26 – ORTSBEZIRKE festgelegt. In einigen Statistiken liegen nicht für alle Beobachtungen Angaben zum Ortsbezirk vor, so dass sich die Werte für die 26 Ortsbezirke nicht zum gesamtstädtischen Wert aufaddieren. Quelle: Gutachterausschuss für Immobilienwerte für den Bereich der Stadt Wiesbaden Spaltenübersicht: - Bodenrichtwerte - Jahr - ortsbezirk_id - ortsbezirk_name Weitere Informationen und Graphiken sind zu finden im Kapitel 'Ortsbezirke' unter https://www.wiesbaden.de/jahrbuch. Bei Fragen und Wünschen bitte an das Postfach statistik@wiesbaden.de wenden.;CSV, JSON;2026-01-14;https://opendata.cloud.wiesbaden.de/app/data-catalog/19e989a0-20b8-47b2-9f4e-a932cd2b2fd6;19e989a0-20b8-47b2-9f4e-a932cd2b2fd6;12_statistik_stadtforschung_lhw
Amt für Statistik und Stadtforschung, Landeshauptstadt Wiesbaden;REGI;Regionen und Städte;Fertiggestellte Neubauwohnungen in Wiesbaden nach Ortsbezirken – 2020 bis 2024;Dieser Datensatz ist ein Auszug aus dem Statistischen Informationssystems des Amtes für Statistik und Stadtforschung aus dem Kapitel 'Ortsbezirke'. Erläuterungen: - Als Wohnung gilt die Gesamtheit der Räume, die zur Unterbringung eines Haushalts bestimmt ist und die eine eigene Küche oder Kochnische sowie einen eigenen Wohnungseingang aufweist. - Baugenehmigungen, Baufertigstellungen und Bauabgänge sind Erhebungsgegenstand der Hochbaustatistik. Erfasst werden alle genehmigungs-, zustimmungs- oder anzeigepflichtigen Baumaßnahmen, bei denen Wohnraum oder sonstiger Nutzraum geschaffen, verändert oder der Nutzung (z.B. durch Abbruch) entzogen wird. Die Statistik der Baugenehmigungen gibt Aufschluss über das Ausmaß der geplanten Baumaßnahmen und die voraussichtliche Entwicklung der Bauwirtschaft. Die Baufertigstellungen werden im gleichen Umfang wie die Baugenehmigungen erfasst. Ebenso wird der Abgang an Gebäuden, Wohnungen und Wohnräumen durch Abbruch bzw. Nutzungsänderung registriert. - In der Hauptsatzung der Landeshauptstadt Wiesbaden vom 24. März 1969 wird in § 3 die Einteilung der Stadt in – aktuell 26 – ORTSBEZIRKE festgelegt. In einigen Statistiken liegen nicht für alle Beobachtungen Angaben zum Ortsbezirk vor, so dass sich die Werte für die 26 Ortsbezirke nicht zum gesamtstädtischen Wert aufaddieren. Quelle: Hessisches Statistisches Landesamt Spaltenübersicht: - Jahr - Fertigstellungen im Neubau - ortsbezirk_id - ortsbezirk_name Weitere Informationen und Graphiken sind zu finden im Kapitel 'Ortsbezirke' unter https://www.wiesbaden.de/jahrbuch. Bei Fragen und Wünschen bitte an das Postfach statistik@wiesbaden.de wenden.;CSV, JSON;2026-01-14;https://opendata.cloud.wiesbaden.de/app/data-catalog/6c8f5481-cf47-4897-893d-fbc1458e5d98;6c8f5481-cf47-4897-893d-fbc1458e5d98;12_statistik_stadtforschung_lhw
Amt für Statistik und Stadtforschung, Landeshauptstadt Wiesbaden;REGI;Regionen und Städte;Genehmigte Neubauwohnungen Wiesbaden nach Ortsbezirken– 2012 bis 2024;Dieser Datensatz ist ein Auszug aus dem Statistischen Informationssystems des Amtes für Statistik und Stadtforschung aus dem Kapitel 'Ortsbezirke'. Erläuterungen: - Als Wohnung gilt die Gesamtheit der Räume, die zur Unterbringung eines Haushalts bestimmt ist und die eine eigene Küche oder Kochnische sowie einen eigenen Wohnungseingang aufweist. - In der Hauptsatzung der Landeshauptstadt Wiesbaden vom 24. März 1969 wird in § 3 die Einteilung der Stadt in – aktuell 26 – ORTSBEZIRKE festgelegt. In einigen Statistiken liegen nicht für alle Beobachtungen Angaben zum Ortsbezirk vor, so dass sich die Werte für die 26 Ortsbezirke nicht zum gesamtstädtischen Wert aufaddieren. Quelle: Hessisches Statistisches Landesamt Spaltenübersicht: - Wohnungen Insgesamt - Jahr - ortsbezirk_id - ortsbezirk_name Weitere Informationen und Graphiken sind zu finden im Kapitel 'Ortsbezirke' unter https://www.wiesbaden.de/jahrbuch. Bei Fragen und Wünschen bitte an das Postfach statistik@wiesbaden.de wenden.;CSV, JSON;2026-01-14;https://opendata.cloud.wiesbaden.de/app/data-catalog/28451913-0e9b-42d1-8716-d6e0f37cb132;28451913-0e9b-42d1-8716-d6e0f37cb132;12_statistik_stadtforschung_lhw
Amt für Statistik und Stadtforschung, Landeshauptstadt Wiesbaden;REGI;Regionen und Städte;Haushalte nach Art der Wohnungsnutzung in Wiesbaden nach Ortsbezirken– 2006 bis 2024;Dieser Datensatz ist ein Auszug aus dem Statistischen Informationssystems des Amtes für Statistik und Stadtforschung aus dem Kapitel 'Ortsbezirke'. Erläuterungen: - Als Wohnung gilt die Gesamtheit der Räume, die zur Unterbringung eines Haushalts bestimmt ist und die eine eigene Küche oder Kochnische sowie einen eigenen Wohnungseingang aufweist. - Eigentümerquote ist der Anteil der Haushalte, die in selbstgenutztem Wohneigentum leben. Der Besitz von vermieteten Wohnimmobilien wird nicht abgebildet. - Datenquelle der Angebotsmieten ist das Anzeigengeschehen des Internetportals Immobilienscout24. Bei den Anzeigen handelt es sich um Angebotsmieten bei denen man sicher davon ausgehen kann, dass sie über den Bestandsmieten liegen. Es ist davon auszugehen, dass Immobilienscout24 ca. 35 bis 40 % des Mietwohnungsmarktes abdeckt. - In der Hauptsatzung der Landeshauptstadt Wiesbaden vom 24. März 1969 wird in § 3 die Einteilung der Stadt in – aktuell 26 – ORTSBEZIRKE festgelegt. In einigen Statistiken liegen nicht für alle Beobachtungen Angaben zum Ortsbezirk vor, so dass sich die Werte für die 26 Ortsbezirke nicht zum gesamtstädtischen Wert aufaddieren. Quelle: Hessisches Statistisches Landesamt Spaltenübersicht: - Haushalte insgesamt - Besitzerhaushalte - Eigentümerquote - Mieterhaushalte - Mieterquote - Jahr - ortsbezirk_id - ortsbezirk_name Weitere Informationen und Graphiken sind zu finden im Kapitel 'Ortsbezirke' unter https://www.wiesbaden.de/jahrbuch. Bei Fragen und Wünschen bitte an das Postfach statistik@wiesbaden.de wenden.;CSV, JSON;2026-01-14;https://opendata.cloud.wiesbaden.de/app/data-catalog/9dbb01be-f635-49d8-bc96-4f824293c304;9dbb01be-f635-49d8-bc96-4f824293c304;12_statistik_stadtforschung_lhw
Amt für Statistik und Stadtforschung, Landeshauptstadt Wiesbaden;REGI;Regionen und Städte;Ortsbezirke in Wiesbaden;Liste der Ortsbezirke in Wiesbaden. In der Hauptsatzung der Landeshauptstadt Wiesbaden vom 24. März 1969 wird in § 3 die Einteilung der Stadt in – aktuell 26 – ORTSBEZIRKE festgelegt: Das Gebiet Wiesbaden-Alt wird dabei in sechs Ortsbezirke unterteilt: Mitte, Nordost, Südost, Rheingauviertel/Hollerborn, Klarenthal sowie Westend/Bleichstraße. Die übrigen 20 Ortsbezirke entsprechen weitgehend den Gemeinden, die 1926, 1928 und 1977 nach Wiesbaden eingemeindet bzw. 1945 Wiesbaden zugeordnet wurden. Für jeden Ortsbezirk wird ein Ortsbeirat gebildet, dessen Aufgaben in § 82 der Hessischen Gemeindeordnung festgelegt sind und der gleichzeitig mit der Stadtverordnetenversammlung gewählt wird. Eine Sonderstellung bilden die drei „AKK-Vororte“ Amöneburg, Kastel und Kostheim, die zwischen dem 1. April 1908 bzw. 1. Januar 1913 und dem 10. August 1945 zu Mainz gehörten und nach Kriegsende Wiesbaden zugeordnet wurden. Die Energieversorgung und Abfallentsorgung dieser Ortsbezirke wird zumindest zum großen Teil noch von der Stadt Mainz aus vorgenommen. Für dieses Gebiet wird auch heute noch ein eigener Haushalt erstellt. Daten für jeden einzelnen der 26 Wiesbadener Ortsbezirke finden sich auch in den „Stadtteilprofilen“, die jährlich vom Amt für Statistik und Stadtforschung herausgegeben werden unter https://www.wiesbaden.de/leben-in-wiesbaden/stadtportraet/daten-fakten/stadtteilprofile.;CSV;2026-01-01;https://opendata.cloud.wiesbaden.de/app/data-catalog/42f8e06f-3c5f-4d6d-88bd-3e39f64cbcad;42f8e06f-3c5f-4d6d-88bd-3e39f64cbcad;12_statistik_stadtforschung_lhw
Amt für Statistik und Stadtforschung, Landeshauptstadt Wiesbaden;REGI;Regionen und Städte;Sozialwohnungen in Wiesbaden nach Ortsbezirken – 2014 bis 2024;Dieser Datensatz ist ein Auszug aus dem Statistischen Informationssystems des Amtes für Statistik und Stadtforschung aus dem Kapitel 'Ortsbezirke'. Erläuterungen: - Als Wohnung gilt die Gesamtheit der Räume, die zur Unterbringung eines Haushalts bestimmt ist und die eine eigene Küche oder Kochnische sowie einen eigenen Wohnungseingang aufweist. - In der Hauptsatzung der Landeshauptstadt Wiesbaden vom 24. März 1969 wird in § 3 die Einteilung der Stadt in – aktuell 26 – ORTSBEZIRKE festgelegt. In einigen Statistiken liegen nicht für alle Beobachtungen Angaben zum Ortsbezirk vor, so dass sich die Werte für die 26 Ortsbezirke nicht zum gesamtstädtischen Wert aufaddieren. Quelle: Amt für Soziale Arbeit Spaltenübersicht: - Sozialwohnungen - Jahr - ortsbezirk_id - ortsbezirk_name Weitere Informationen und Graphiken sind zu finden im Kapitel 'Ortsbezirke' unter https://www.wiesbaden.de/jahrbuch. Bei Fragen und Wünschen bitte an das Postfach statistik@wiesbaden.de wenden.;CSV, JSON;2026-01-14;https://opendata.cloud.wiesbaden.de/app/data-catalog/5b6f0fdf-e4a2-4b60-a9a7-fb69696193a3;5b6f0fdf-e4a2-4b60-a9a7-fb69696193a3;12_statistik_stadtforschung_lhw
Amt für Statistik und Stadtforschung, Landeshauptstadt Wiesbaden;REGI;Regionen und Städte;Wohnungen nach Größe in Wiesbaden nach Ortsbezirken – 2011 bis 2024;Dieser Datensatz ist ein Auszug aus dem Statistischen Informationssystems des Amtes für Statistik und Stadtforschung aus dem Kapitel 'Ortsbezirke'. Erläuterungen: - Als Wohnung gilt die Gesamtheit der Räume, die zur Unterbringung eines Haushalts bestimmt ist und die eine eigene Küche oder Kochnische sowie einen eigenen Wohnungseingang aufweist. - Räume sind Wohn- und Schlafräume mit mindestens 6 m² Wohnfläche sowie Küchen (ohne Rücksicht auf die Größe). Nicht dazu gehören Bäder, Toiletten, Flure und Abstellräume. So zählt beispielsweise eine Wohnung mit zwei Zimmern, Küche und Bad im Rahmen der Bautätigkeitsstatistik als Wohnung mit drei Räumen. - In der Hauptsatzung der Landeshauptstadt Wiesbaden vom 24. März 1969 wird in § 3 die Einteilung der Stadt in – aktuell 26 – ORTSBEZIRKE festgelegt. In einigen Statistiken liegen nicht für alle Beobachtungen Angaben zum Ortsbezirk vor, so dass sich die Werte für die 26 Ortsbezirke nicht zum gesamtstädtischen Wert aufaddieren. Quelle: Hessisches Statistisches Landesamt Spaltenübersicht: - Wohnungen insgesamt - 1 und 2 Räume - 3 Räume - 4 Räume - 5 und mehr Räume - Ø Wohnfläche je Wohnung (m²) - Ø Wohnfläche je Person (m²) - Jahr - ortsbezirk_id - ortsbezirk_name Weitere Informationen und Graphiken sind zu finden im Kapitel 'Ortsbezirke' unter https://www.wiesbaden.de/jahrbuch. Bei Fragen und Wünschen bitte an das Postfach statistik@wiesbaden.de wenden.;CSV, JSON;2026-01-14;https://opendata.cloud.wiesbaden.de/app/data-catalog/bec15291-7d90-45a2-bf2d-036f56909638;bec15291-7d90-45a2-bf2d-036f56909638;12_statistik_stadtforschung_lhw
Amt für Statistik und Stadtforschung, Landeshauptstadt Wiesbaden;REGI;Regionen und Städte;Wohnungs- und Wohngebäudestruktur nach Ortsbezirken in Wiesbaden – 2011 bis 2024;Dieser Datensatz ist ein Auszug aus dem Statistischen Informationssystems des Amtes für Statistik und Stadtforschung aus dem Kapitel 'Ortsbezirke'. Erläuterungen: - Als Wohnung gilt die Gesamtheit der Räume, die zur Unterbringung eines Haushalts bestimmt ist und die eine eigene Küche oder Kochnische sowie einen eigenen Wohnungseingang aufweist. - In der Hauptsatzung der Landeshauptstadt Wiesbaden vom 24. März 1969 wird in § 3 die Einteilung der Stadt in – aktuell 26 – ORTSBEZIRKE festgelegt. In einigen Statistiken liegen nicht für alle Beobachtungen Angaben zum Ortsbezirk vor, so dass sich die Werte für die 26 Ortsbezirke nicht zum gesamtstädtischen Wert aufaddieren. Quelle: Hessisches Statistisches Landesamt Spaltenübersicht: - Wohnungen - Insgesamt - 1-2 Wohnungen - 3+ Wohnungen - Jahr - ortsbezirk_id - ortsbezirk_name Weitere Informationen und Graphiken sind zu finden im Kapitel 'Ortsbezirke' unter https://www.wiesbaden.de/jahrbuch. Bei Fragen und Wünschen bitte an das Postfach statistik@wiesbaden.de wenden.;CSV, JSON;2026-01-14;https://opendata.cloud.wiesbaden.de/app/data-catalog/85ccdc2e-c529-4a88-89c2-0e47fbff59bc;85ccdc2e-c529-4a88-89c2-0e47fbff59bc;12_statistik_stadtforschung_lhw
Amt für Statistik und Stadtforschung, Landeshauptstadt Wiesbaden;REGI;Regionen und Städte;Wohnungsbestand nach Ortsbezirken in Wiesbaden – 2020 bis 2024;Dieser Datensatz ist ein Auszug aus dem Statistischen Informationssystems des Amtes für Statistik und Stadtforschung aus dem Kapitel 'Ortsbezirke'. Erläuterungen: - Als Wohnung gilt die Gesamtheit der Räume, die zur Unterbringung eines Haushalts bestimmt ist und die eine eigene Küche oder Kochnische sowie einen eigenen Wohnungseingang aufweist. - In der Hauptsatzung der Landeshauptstadt Wiesbaden vom 24. März 1969 wird in § 3 die Einteilung der Stadt in – aktuell 26 – ORTSBEZIRKE festgelegt. In einigen Statistiken liegen nicht für alle Beobachtungen Angaben zum Ortsbezirk vor, so dass sich die Werte für die 26 Ortsbezirke nicht zum gesamtstädtischen Wert aufaddieren. Quelle: Hessisches Statistisches Landesamt Spaltenübersicht: - Jahr - Wohnungsbestand - ortsbezirk_id - ortsbezirk_name Weitere Informationen und Graphiken sind zu finden im Kapitel 'Ortsbezirke' unter https://www.wiesbaden.de/jahrbuch. Bei Fragen und Wünschen bitte an das Postfach statistik@wiesbaden.de wenden.;CSV, JSON;2026-01-14;https://opendata.cloud.wiesbaden.de/app/data-catalog/ee16ada3-7fa2-46ae-9fb1-75d1785b1ccd;ee16ada3-7fa2-46ae-9fb1-75d1785b1ccd;12_statistik_stadtforschung_lhw
Amt für Statistik und Stadtforschung, Landeshauptstadt Wiesbaden;REGI;Regionen und Städte;Öffentlich geförderter Wohnungsbau und Mietpreis in Wiesbaden nach Ortsbezirken – 2014 bis 2023;"Dieser Datensatz ist ein Auszug aus dem Statistischen Informationssystems des Amtes für Statistik und Stadtforschung aus dem Kapitel 'Ortsbezirke'. Erläuterungen: - Als Wohnung gilt die Gesamtheit der Räume, die zur Unterbringung eines Haushalts bestimmt ist und die eine eigene Küche oder Kochnische sowie einen eigenen Wohnungseingang aufweist. - Datenquelle der Angebotsmieten ist das Anzeigengeschehen des Internetportals Immobilienscout24. Bei den Anzeigen handelt es sich um Angebotsmieten bei denen man sicher davon ausgehen kann, dass sie über den Bestandsmieten liegen. Es ist davon auszugehen, dass Immobilienscout24 ca. 35 bis 40 % des Mietwohnungsmarktes abdeckt. - In der Hauptsatzung der Landeshauptstadt Wiesbaden vom 24. März 1969 wird in § 3 die Einteilung der Stadt in – aktuell 26 – ORTSBEZIRKE festgelegt. In einigen Statistiken liegen nicht für alle Beobachtungen Angaben zum Ortsbezirk vor, so dass sich die Werte für die 26 Ortsbezirke nicht zum gesamtstädtischen Wert aufaddieren. Quelle: Immobilienscout24; Amt für Soziale Arbeit Spaltenübersicht: - Sozialwohnungen - Anzahl der angebotenen Mietwohnungen - Angebotsmieten - Jahr - ortsbezirk_id - ortsbezirk_name Weitere Informationen und Graphiken sind zu finden im Kapitel 'Ortsbezirke' unter https://www.wiesbaden.de/jahrbuch. Bei Fragen und Wünschen bitte an das Postfach statistik@wiesbaden.de wenden.";CSV, JSON;2026-01-14;https://opendata.cloud.wiesbaden.de/app/data-catalog/f6bed372-9fe2-476c-9a04-9c5d63c3f061;f6bed372-9fe2-476c-9a04-9c5d63c3f061;12_statistik_stadtforschung_lhw
Amt für Statistik und Stadtforschung, Landeshauptstadt Wiesbaden;REGI, ECON;Regionen und Städte / Wirtschaft und Finanzen;Kaufkraft und Arbeitsmarkt nach Ortsbezirken in Wiesbaden - Dezember 2025;Bestandteil des Strukturdatenhefts zur Kommunalwahl 2026 der Landeshauptstadt Wiesbaden. Kennzahlen zu Kaufkraft und Arbeitsmarkt nach Ortsbezirken. Quellen: IHF Köln, Bundesagentur für Arbeit, Melderegister, Haushaltsgenerierung. Weitere Informationen unter https://www.wiesbaden.de/leben-in-wiesbaden/stadtportraet/daten-fakten/wahlanalysen.;CSV;2026-02-19;https://opendata.cloud.wiesbaden.de/app/data-catalog/1d2776bc-c7c6-48c9-a75a-6d7043bda27e;1d2776bc-c7c6-48c9-a75a-6d7043bda27e;12_statistik_stadtforschung_lhw
Amt für Statistik und Stadtforschung, Landeshauptstadt Wiesbaden;REGI, GOVE;Regionen und Städte / Regierung und öffentlicher Sektor;Altersgruppen der Wahlberechtigten zum Ausländerbeirat nach Ortsbezirken in Wiesbaden - 2026;Bestandteil des Strukturdatenhefts zur Kommunalwahl 2026 der Landeshauptstadt Wiesbaden. Wahlberechtigte zum Ausländerbeirat nach Altersgruppen und Ortsbezirken. Quelle: Melderegister. Weitere Informationen unter https://www.wiesbaden.de/leben-in-wiesbaden/stadtportraet/daten-fakten/wahlanalysen.;CSV;2026-02-19;https://opendata.cloud.wiesbaden.de/app/data-catalog/bf58b217-8143-4869-9c30-3a2bd0bed36d;bf58b217-8143-4869-9c30-3a2bd0bed36d;12_statistik_stadtforschung_lhw
Amt für Statistik und Stadtforschung, Landeshauptstadt Wiesbaden;REGI, GOVE;Regionen und Städte / Regierung und öffentlicher Sektor;Durchschnittsalter und Frauenanteil der Kandidierenden und Wahlberechtigten zu den Ortsbeiratswahlen nach Ortsbezirken in Wiesbaden - 2026;Bestandteil des Strukturdatenhefts zur Kommunalwahl 2026 der Landeshauptstadt Wiesbaden. Durchschnittsalter und Frauenanteil von Kandidierenden und Wahlberechtigten nach Ortsbezirk (Ortsbeiratswahlen). Quelle: Melderegister. Weitere Informationen unter https://www.wiesbaden.de/leben-in-wiesbaden/stadtportraet/daten-fakten/wahlanalysen.;CSV;2026-02-19;https://opendata.cloud.wiesbaden.de/app/data-catalog/8b3edd85-7aaf-4a99-bffa-acd4e8db11f4;8b3edd85-7aaf-4a99-bffa-acd4e8db11f4;12_statistik_stadtforschung_lhw
Amt für Statistik und Stadtforschung, Landeshauptstadt Wiesbaden;REGI, SOCI;Regionen und Städte / Bevölkerung und Gesellschaft;Angebotsmieten in Wiesbaden – 2007 bis 2024;Dieser Datensatz ist ein Auszug aus dem Statistischen Informationssystems des Amtes für Statistik und Stadtforschung aus dem Kapitel 'Bauen und Wohnen'. Quelle: Immobilienscout24 Erläuterungen: - Als Wohnung gilt die Gesamtheit der Räume, die zur Unterbringung eines Haushalts bestimmt ist und die eine eigene Küche oder Kochnische sowie einen eigenen Wohnungseingang aufweist. - Datenquelle der Angebotsmieten ist das Anzeigengeschehen des Internetportals Immobilienscout24. Bei den Anzeigen handelt es sich um Angebotsmieten bei denen man sicher davon ausgehen kann, dass sie über den Bestandsmieten liegen. Es ist davon auszugehen, dass Immobilienscout24 ca. 35 bis 40 % des Mietwohnungsmarktes abdeckt. Spaltenübersicht: - Jahr - Anzahl der angebotenen Mietwohnungen - Durchschnittsmiete (Median) in Euro je qm - Durchschnittsmiete (Median) in Euro (0-40 qm) - Durchschnittsmiete (Median) in Euro (40-60 qm) - Durchschnittsmiete (Median) in Euro (60-80 qm) - Durchschnittsmiete (Median) in Euro (80-100 qm) - Durchschnittsmiete (Median) in Euro (100+ qm) - Durchschnittsmiete (Median) in Euro (1-1.5 Zimmer) - Durchschnittsmiete (Median) in Euro (2-2.5 Zimmer) - Durchschnittsmiete (Median) in Euro (3-3.5 Zimmer) - Durchschnittsmiete (Median) in Euro (4-4.5 Zimmer) - Durchschnittsmiete (Median) in Euro (5+ Zimmer) - Durchschnittsmiete (Median) in Euro bei Erstbezug - Durchschnittsmiete (Median) in Euro Renoviert - Durchschnittsmiete (Median) in Euro Gepflegt - Durchschnittsmiete (Median) in Euro Sonstige Weitere Informationen und Graphiken sind zu finden im Kapitel 'Bauen und Wohnen' unter https://www.wiesbaden.de/jahrbuch. Bei Fragen und Wünschen bitte an das Postfach statistik@wiesbaden.de wenden.;CSV, JSON;2026-01-14;https://opendata.cloud.wiesbaden.de/app/data-catalog/b89b218f-5e89-4417-ba4c-67702ed0336f;b89b218f-5e89-4417-ba4c-67702ed0336f;12_statistik_stadtforschung_lhw
Amt für Statistik und Stadtforschung, Landeshauptstadt Wiesbaden;REGI, SOCI;Regionen und Städte / Bevölkerung und Gesellschaft;Bauabgänge in Wiesbaden – 2011 bis 2024;Dieser Datensatz ist ein Auszug aus dem Statistischen Informationssystems des Amtes für Statistik und Stadtforschung aus dem Kapitel 'Bauen und Wohnen'. Quelle: Hessisches Statistisches Landesamt Erläuterungen: - Als Wohnung gilt die Gesamtheit der Räume, die zur Unterbringung eines Haushalts bestimmt ist und die eine eigene Küche oder Kochnische sowie einen eigenen Wohnungseingang aufweist. - Wohngebäude sind Gebäude, die mindestens zur Hälfte (gemessen an der Gesamtnutzfläche) Wohnzwecken dienen. - Nichtwohngebäude sind Gebäude, die überwiegend für Nichtwohnzwecke (gemessen an der Gesamtnutzfläche) bestimmt sind. Hierzu zählen beispielsweise Bürogebäude, gewerbliche Betriebsgebäude oder Schulgebäude. Als Nichtwohngebäude werden aber auch Gebäude mit gemischter Nutzung gezählt, bei denen weniger als die Hälfte Wohnzwecken dient. - Baugenehmigungen, Baufertigstellungen und Bauabgänge sind Erhebungsgegenstand der Hochbaustatistik. Erfasst werden alle genehmigungs-, zustimmungs- oder anzeigepflichtigen Baumaßnahmen, bei denen Wohnraum oder sonstiger Nutzraum geschaffen, verändert oder der Nutzung (z.B. durch Abbruch) entzogen wird. Die Statistik der Baugenehmigungen gibt Aufschluss über das Ausmaß der geplanten Baumaßnahmen und die voraussichtliche Entwicklung der Bauwirtschaft. Die Baufertigstellungen werden im gleichen Umfang wie die Baugenehmigungen erfasst. Ebenso wird der Abgang an Gebäuden, Wohnungen und Wohnräumen durch Abbruch bzw. Nutzungsänderung registriert. Spaltenübersicht: - Jahr - Gebäude Insgesamt - Wohngebäude - Nichtwohngebäude - Wohnungen Insgesamt Weitere Informationen und Graphiken sind zu finden im Kapitel 'Bauen und Wohnen' unter https://www.wiesbaden.de/jahrbuch. Bei Fragen und Wünschen bitte an das Postfach statistik@wiesbaden.de wenden.;CSV, JSON;2026-01-14;https://opendata.cloud.wiesbaden.de/app/data-catalog/d2287de2-3154-471f-966c-760350f4b78e;d2287de2-3154-471f-966c-760350f4b78e;12_statistik_stadtforschung_lhw
Amt für Statistik und Stadtforschung, Landeshauptstadt Wiesbaden;REGI, SOCI;Regionen und Städte / Bevölkerung und Gesellschaft;Baufertigstellungen Wohngebäude in Wiesbaden – 1987 bis 2024;"Dieser Datensatz ist ein Auszug aus dem Statistischen Informationssystems des Amtes für Statistik und Stadtforschung aus dem Kapitel 'Bauen und Wohnen'. Quelle: Hessisches Statistisches Landesamt Erläuterungen: - Als Wohnung gilt die Gesamtheit der Räume, die zur Unterbringung eines Haushalts bestimmt ist und die eine eigene Küche oder Kochnische sowie einen eigenen Wohnungseingang aufweist. - Wohngebäude sind Gebäude, die mindestens zur Hälfte (gemessen an der Gesamtnutzfläche) Wohnzwecken dienen. - Nichtwohngebäude sind Gebäude, die überwiegend für Nichtwohnzwecke (gemessen an der Gesamtnutzfläche) bestimmt sind. Hierzu zählen beispielsweise Bürogebäude, gewerbliche Betriebsgebäude oder Schulgebäude. Als Nichtwohngebäude werden aber auch Gebäude mit gemischter Nutzung gezählt, bei denen weniger als die Hälfte Wohnzwecken dient. - Eigentumswohnungen sind Wohnungen, an denen durch Eintragung im Grundbuch Eigentum nach dem Wohnungseigentumsgesetz begründet worden ist. Zum Wohnungseigentum gehören das Sondereigentum an einer Wohnung sowie ein Miteigentumsanteil am Grundstück und an gemeinschaftlichen Gebäudeteilen. Ein Wohngebäude besteht entweder ausschließlich aus Eigentumswohnungen, oder es befindet sich überhaupt keine Eigentumswohnung darin. Eigentumswohnungen können vermietet oder von den Eigentümern selbst bewohnt sein. - Baugenehmigungen, Baufertigstellungen und Bauabgänge sind Erhebungsgegenstand der Hochbaustatistik. Erfasst werden alle genehmigungs-, zustimmungs- oder anzeigepflichtigen Baumaßnahmen, bei denen Wohnraum oder sonstiger Nutzraum geschaffen, verändert oder der Nutzung (z.B. durch Abbruch) entzogen wird. Die Statistik der Baugenehmigungen gibt Aufschluss über das Ausmaß der geplanten Baumaßnahmen und die voraussichtliche Entwicklung der Bauwirtschaft. Die Baufertigstellungen werden im gleichen Umfang wie die Baugenehmigungen erfasst. Ebenso wird der Abgang an Gebäuden, Wohnungen und Wohnräumen durch Abbruch bzw. Nutzungsänderung registriert. - Heizenergie: Angegeben ist die ausschließlich oder überwiegend zum Heizen genutzte Energiequelle. „Ohne Heizenergie“ kommen Gebäude aus, die nicht über ein klassisches Heizsystem, sondern über spezielle Lüftungsanlagen verfügen (z. B. sogenannte Passivhäuser oder Plus-Energie-Häuser). Wärmepumpen werden nach der Art der Wärmequelle eingeteilt; unterschieden wird zwischen Geothermie (Wärmequelle Erde) und Umweltthermie (Wärmequelle Luft oder Wasser). „Sonstige Heizenergie“ umfasst im Wesentlichen die Energieträger Kohle/Koks, Strom, Öl, Biogas und sonstige Biomasse. - Bauherr ist, wer im eigenen Namen und für eigene oder fremde Rechnung Bauvorhaben durchführt oder durchführen lässt. Es wird zwischen Wohnungsunternehmen, sonstigen Unternehmen, privaten Haushalten und öffentlichen Bauherren (Bund, Länder, Gemeinden und Sozialversicherungen) sowie Organisationen ohne Erwerbszweck (z. B. Kirchen, Vereine) unterschieden. - Zu den Wohnungsunternehmen zählen alle Unternehmen, die Wohngebäude errichten lassen, um die Wohnungen zu vermieten oder zu verkaufen. Maßgebend für die Einordnung als Wohnungsunternehmen ist der wirtschaftliche Schwerpunkt des Unternehmens. Spaltenübersicht: - Jahr - Fertiggestellte Wohnungen - Fertiggestellte Wohnungen in Wohngebäude - Fertiggestellte Ein- und Zweifamilienhäuser - Fertiggestellte Wohnungen in Nichtwohngebäude - Fertiggestellte Eigentumswohnungen - Durchschnittliche Wohnfläche pro Wohnung in qm - Fertiggestellte Wohnungen von Wohnungsunternehmen - Fertiggestellte Wohnungen von sonstige Unternehmen - Fertiggestellte Wohnungen von privat Haushalte - Fertiggestellte Wohnungen von öffentliche Bauherren - Wohnungen ohne Heizenergie - Wohnungen beheizt mit Gas - Wohnungen beheizt mit Fernwärme - Wohnungen beheizt mit Geothermie - Wohnungen beheizt mit Umweltthermie (Luft/Wasser) - Wohnungen beheizt mit Solarthermie - Wohnungen beheizt mit Strom - Wohnungen beheizt mit Holz - Wohnungen beheizt mit sonstiger Heizenergie Weitere Informationen und Graphiken sind zu finden im Kapitel 'Bauen und Wohnen' unter https://www.wiesbaden.de/jahrbuch. Bei Fragen und Wünschen bitte an das Postfach statistik@wiesbaden.de wenden.";CSV, JSON;2026-01-14;https://opendata.cloud.wiesbaden.de/app/data-catalog/190853d9-d7ed-4759-b141-3dab78eca5b7;190853d9-d7ed-4759-b141-3dab78eca5b7;12_statistik_stadtforschung_lhw
Amt für Statistik und Stadtforschung, Landeshauptstadt Wiesbaden;REGI, SOCI;Regionen und Städte / Bevölkerung und Gesellschaft;Baugenehmigungen Wohngebäude in Wiesbaden – 2001 bis 2024;Dieser Datensatz ist ein Auszug aus dem Statistischen Informationssystems des Amtes für Statistik und Stadtforschung aus dem Kapitel 'Bauen und Wohnen'. Quelle: Hessisches Statistisches Landesamt Erläuterungen: - Als Wohnung gilt die Gesamtheit der Räume, die zur Unterbringung eines Haushalts bestimmt ist und die eine eigene Küche oder Kochnische sowie einen eigenen Wohnungseingang aufweist. - Wohngebäude sind Gebäude, die mindestens zur Hälfte (gemessen an der Gesamtnutzfläche) Wohnzwecken dienen. - Nichtwohngebäude sind Gebäude, die überwiegend für Nichtwohnzwecke (gemessen an der Gesamtnutzfläche) bestimmt sind. Hierzu zählen beispielsweise Bürogebäude, gewerbliche Betriebsgebäude oder Schulgebäude. Als Nichtwohngebäude werden aber auch Gebäude mit gemischter Nutzung gezählt, bei denen weniger als die Hälfte Wohnzwecken dient. - Baugenehmigungen, Baufertigstellungen und Bauabgänge sind Erhebungsgegenstand der Hochbaustatistik. Erfasst werden alle genehmigungs-, zustimmungs- oder anzeigepflichtigen Baumaßnahmen, bei denen Wohnraum oder sonstiger Nutzraum geschaffen, verändert oder der Nutzung (z.B. durch Abbruch) entzogen wird. Die Statistik der Baugenehmigungen gibt Aufschluss über das Ausmaß der geplanten Baumaßnahmen und die voraussichtliche Entwicklung der Bauwirtschaft. Die Baufertigstellungen werden im gleichen Umfang wie die Baugenehmigungen erfasst. Ebenso wird der Abgang an Gebäuden, Wohnungen und Wohnräumen durch Abbruch bzw. Nutzungsänderung registriert. Spaltenübersicht: - Jahr - Wohngebäude - davon mit 1 und 2 Wohnungen - mit 3 und mehr Wohnungen - Nichtwohngebäude - darunter Büro- und Verwaltungsgebäude - Betriebsgebäude - Nutzfläche (m²) - Zu- / Abgang von Wohnungen Weitere Informationen und Graphiken sind zu finden im Kapitel 'Bauen und Wohnen' unter https://www.wiesbaden.de/jahrbuch. Bei Fragen und Wünschen bitte an das Postfach statistik@wiesbaden.de wenden.;CSV, JSON;2026-01-14;https://opendata.cloud.wiesbaden.de/app/data-catalog/43616e60-eff1-4a70-8d62-280a31dff529;43616e60-eff1-4a70-8d62-280a31dff529;12_statistik_stadtforschung_lhw
Amt für Statistik und Stadtforschung, Landeshauptstadt Wiesbaden;REGI, SOCI;Regionen und Städte / Bevölkerung und Gesellschaft;Baugenehmigungen Wohnungen in Wiesbaden – 2001 bis 2024;Dieser Datensatz ist ein Auszug aus dem Statistischen Informationssystems des Amtes für Statistik und Stadtforschung aus dem Kapitel 'Bauen und Wohnen'. Quelle: Hessisches Statistisches Landesamt Erläuterungen: - Als Wohnung gilt die Gesamtheit der Räume, die zur Unterbringung eines Haushalts bestimmt ist und die eine eigene Küche oder Kochnische sowie einen eigenen Wohnungseingang aufweist. - Wohngebäude sind Gebäude, die mindestens zur Hälfte (gemessen an der Gesamtnutzfläche) Wohnzwecken dienen. - Nichtwohngebäude sind Gebäude, die überwiegend für Nichtwohnzwecke (gemessen an der Gesamtnutzfläche) bestimmt sind. Hierzu zählen beispielsweise Bürogebäude, gewerbliche Betriebsgebäude oder Schulgebäude. Als Nichtwohngebäude werden aber auch Gebäude mit gemischter Nutzung gezählt, bei denen weniger als die Hälfte Wohnzwecken dient. - Eigentumswohnungen sind Wohnungen, an denen durch Eintragung im Grundbuch Eigentum nach dem Wohnungseigentumsgesetz begründet worden ist. Zum Wohnungseigentum gehören das Sondereigentum an einer Wohnung sowie ein Miteigentumsanteil am Grundstück und an gemeinschaftlichen Gebäudeteilen. Ein Wohngebäude besteht entweder ausschließlich aus Eigentumswohnungen, oder es befindet sich überhaupt keine Eigentumswohnung darin. Eigentumswohnungen können vermietet oder von den Eigentümern selbst bewohnt sein. - Baugenehmigungen, Baufertigstellungen und Bauabgänge sind Erhebungsgegenstand der Hochbaustatistik. Erfasst werden alle genehmigungs-, zustimmungs- oder anzeigepflichtigen Baumaßnahmen, bei denen Wohnraum oder sonstiger Nutzraum geschaffen, verändert oder der Nutzung (z.B. durch Abbruch) entzogen wird. Die Statistik der Baugenehmigungen gibt Aufschluss über das Ausmaß der geplanten Baumaßnahmen und die voraussichtliche Entwicklung der Bauwirtschaft. Die Baufertigstellungen werden im gleichen Umfang wie die Baugenehmigungen erfasst. Ebenso wird der Abgang an Gebäuden, Wohnungen und Wohnräumen durch Abbruch bzw. Nutzungsänderung registriert. - Bauherr ist, wer im eigenen Namen und für eigene oder fremde Rechnung Bauvorhaben durchführt oder durchführen lässt. Es wird zwischen Wohnungsunternehmen, sonstigen Unternehmen, privaten Haushalten und öffentlichen Bauherren (Bund, Länder, Gemeinden und Sozialversicherungen) sowie Organisationen ohne Erwerbszweck (z. B. Kirchen, Vereine) unterschieden. - Zu den Wohnungsunternehmen zählen alle Unternehmen, die Wohngebäude errichten lassen, um die Wohnungen zu vermieten oder zu verkaufen. Maßgebend für die Einordnung als Wohnungsunternehmen ist der wirtschaftliche Schwerpunkt des Unternehmens. Spaltenübersicht: - Jahr - Wohnungen Insgesamt - Wohnungen Wohngebäude - dar. Ein- und Zweifamilienhäuser - Wohnungen Nichtwohngebäude - Eigentumswohnungen - Durchschnittliche Wohnfläche pro Wohnung (m²) - Genehmigte Wohnungen geplant von Wohnungsunternehmen - Genehmigte Wohnungen geplant von sonstigen Unternehmen - Genehmigte Wohnungen geplant von privaten Haushalten - Genehmigte Wohnungen geplant von Öffentlichen Bauherren - Kosten Insgesamt - Kosten Wohngebäude - dar. Ein- und Zweifamilienhäuser.1 - Kosten Nichtwohngebäude - Kosten Eigentumswohnungen Weitere Informationen und Graphiken sind zu finden im Kapitel 'Bauen und Wohnen' unter https://www.wiesbaden.de/jahrbuch. Bei Fragen und Wünschen bitte an das Postfach statistik@wiesbaden.de wenden.;CSV, JSON;2026-01-14;https://opendata.cloud.wiesbaden.de/app/data-catalog/3f4cbd8f-9360-42b0-9a20-a4a1ef412dd7;3f4cbd8f-9360-42b0-9a20-a4a1ef412dd7;12_statistik_stadtforschung_lhw
Amt für Statistik und Stadtforschung, Landeshauptstadt Wiesbaden;REGI, SOCI;Regionen und Städte / Bevölkerung und Gesellschaft;Bauzeit in Wiesbaden – 1987 bis 2024;Dieser Datensatz ist ein Auszug aus dem Statistischen Informationssystems des Amtes für Statistik und Stadtforschung aus dem Kapitel 'Bauen und Wohnen'. Quelle: Hessisches Statistisches Landesamt Erläuterungen: - Als Wohnung gilt die Gesamtheit der Räume, die zur Unterbringung eines Haushalts bestimmt ist und die eine eigene Küche oder Kochnische sowie einen eigenen Wohnungseingang aufweist. - Wohngebäude sind Gebäude, die mindestens zur Hälfte (gemessen an der Gesamtnutzfläche) Wohnzwecken dienen. - Nichtwohngebäude sind Gebäude, die überwiegend für Nichtwohnzwecke (gemessen an der Gesamtnutzfläche) bestimmt sind. Hierzu zählen beispielsweise Bürogebäude, gewerbliche Betriebsgebäude oder Schulgebäude. Als Nichtwohngebäude werden aber auch Gebäude mit gemischter Nutzung gezählt, bei denen weniger als die Hälfte Wohnzwecken dient. - Eigentumswohnungen sind Wohnungen, an denen durch Eintragung im Grundbuch Eigentum nach dem Wohnungseigentumsgesetz begründet worden ist. Zum Wohnungseigentum gehören das Sondereigentum an einer Wohnung sowie ein Miteigentumsanteil am Grundstück und an gemeinschaftlichen Gebäudeteilen. Ein Wohngebäude besteht entweder ausschließlich aus Eigentumswohnungen, oder es befindet sich überhaupt keine Eigentumswohnung darin. Eigentumswohnungen können vermietet oder von den Eigentümern selbst bewohnt sein. Spaltenübersicht: - Jahr - Durchschnittliche Bauzeit (Monate): Alle Gebäude - Durchschnittliche Bauzeit (Monate): Wohngebäude - Durchschnittliche Bauzeit (Monate): Ein- und Zweifamilienhäuser - Durchschnittliche Bauzeit (Monate): Nichtwohngebäude - Durchschnittliche Bauzeit (Monate): Eigentumswohnungen Weitere Informationen und Graphiken sind zu finden im Kapitel 'Bauen und Wohnen' unter https://www.wiesbaden.de/jahrbuch. Bei Fragen und Wünschen bitte an das Postfach statistik@wiesbaden.de wenden.;CSV, JSON;2026-01-14;https://opendata.cloud.wiesbaden.de/app/data-catalog/cf5a7521-13d1-46f2-925f-99682ffbb5a7;cf5a7521-13d1-46f2-925f-99682ffbb5a7;12_statistik_stadtforschung_lhw
Amt für Statistik und Stadtforschung, Landeshauptstadt Wiesbaden;REGI, SOCI;Regionen und Städte / Bevölkerung und Gesellschaft;Bauüberhang in Wiesbaden – 2011 bis 2024;Dieser Datensatz ist ein Auszug aus dem Statistischen Informationssystems des Amtes für Statistik und Stadtforschung aus dem Kapitel 'Bauen und Wohnen'. Quelle: Hessisches Statistisches Landesamt Erläuterungen: - Als Wohnung gilt die Gesamtheit der Räume, die zur Unterbringung eines Haushalts bestimmt ist und die eine eigene Küche oder Kochnische sowie einen eigenen Wohnungseingang aufweist. - Bauherr ist, wer im eigenen Namen und für eigene oder fremde Rechnung Bauvorhaben durchführt oder durchführen lässt. Es wird zwischen Wohnungsunternehmen, sonstigen Unternehmen, privaten Haushalten und öffentlichen Bauherren (Bund, Länder, Gemeinden und Sozialversicherungen) sowie Organisationen ohne Erwerbszweck (z. B. Kirchen, Vereine) unterschieden. - Zu den Wohnungsunternehmen zählen alle Unternehmen, die Wohngebäude errichten lassen, um die Wohnungen zu vermieten oder zu verkaufen. Maßgebend für die Einordnung als Wohnungsunternehmen ist der wirtschaftliche Schwerpunkt des Unternehmens. Spaltenübersicht: - Jahr - Gesamtzahl der Wohnungen - Wohnungen noch nicht begonnen - Wohnungen im Bau - Wohnungen unter Dach - Wohnungen in Ein- und Zweifamilienhäusern - Wohnungsunternehmen - Sonstige Unternehmen - Private Haushalte - Öffentliche Bauherren - Gesamtzahl der Gebäude - Gebäude noch nicht begonnen - Gebäude im Bau - Gebäude unter Dach - Ein- und Zweifamilienhäuser Weitere Informationen und Graphiken sind zu finden im Kapitel 'Bauen und Wohnen' unter https://www.wiesbaden.de/jahrbuch. Bei Fragen und Wünschen bitte an das Postfach statistik@wiesbaden.de wenden.;CSV, JSON;2026-01-14;https://opendata.cloud.wiesbaden.de/app/data-catalog/911df4df-14b8-4f79-8f29-90a7f770c82d;911df4df-14b8-4f79-8f29-90a7f770c82d;12_statistik_stadtforschung_lhw
Amt für Statistik und Stadtforschung, Landeshauptstadt Wiesbaden;REGI, SOCI;Regionen und Städte / Bevölkerung und Gesellschaft;Kurzinfo Bevölkerungsbestand mit Nebenwohnsitz nach Ortsbezirken in Wiesbaden - Januar 2026;Dieser Datensatz beinhaltet aktuelle Kurzinformationen aus der Wiesbadener Statistik zum Thema Bevölkerungsbestand mit Nebenwohnsitz in den Ortsbezirken am 31.01.2026. Weitere jährliche Informationen und Graphiken sind zu finden im Kapitel 'Bevölkerung' unter https://www.wiesbaden.de/jahrbuch. Bei Fragen und Wünschen bitte an das Postfach statistik@wiesbaden.de wenden. Hinweis zur Geheimhaltung: Zur Wahrung des Datenschutzes und statistischer Geheimhaltung wurden Zellen mit kleinen Fallzahlen angepasst. Für alle numerischen Werte gilt: Werte kleiner als 3 werden auf 0 gesetzt, Werte zwischen 3 und 5 werden auf 5 gerundet. Zusätzlich wird bei Bedarf eine weitere Zelle auf 5 gesetzt, um Rückschlüsse über Rand- bzw. Gesamtsummen zu vermeiden.;CSV, JSON;2026-02-02;https://opendata.cloud.wiesbaden.de/app/data-catalog/f7320bab-9ad9-42c1-a81d-5573d5920d87;f7320bab-9ad9-42c1-a81d-5573d5920d87;12_statistik_stadtforschung_lhw
Amt für Statistik und Stadtforschung, Landeshauptstadt Wiesbaden;REGI, SOCI;Regionen und Städte / Bevölkerung und Gesellschaft;Kurzinfo Bevölkerungsbestand nach Ortsbezirken in Wiesbaden - April 2025;Dieser Datensatz ist ein Auszug aus den monatlichen Kurzinformationen über den Bevölkerungsbestand des Amtes für Statistik und Stadtforschung. Im PDF Format erscheinen die Kurzinformation unter: https://www.wiesbaden.de/leben-in-wiesbaden/stadtportraet/daten-fakten/statistik-aktuell. Der Feststellung der Bevölkerungszahl liegt der Begriff der Bevölkerung am Ort der alleinigen bzw. Hauptwohnung zu Grunde. Zur Bevölkerung zählen demnach auch die mit Hauptwohnsitz gemeldeten ausländischen und staatenlosen Personen, nicht dagegen die Personen, die nur mit Nebenwohnsitz in Wiesbaden gemeldet sind. Ebenfalls nicht zur ausgewiesenen Bevölkerung gehören die Angehörigen der ausländischen Stationierungsstreitkräfte sowie deren Familien. Als Quelle für die Bevölkerungszahl in Wiesbaden gilt wie in anderen Städten und Kommunen dabei das Einwohnermeldewesen der Stadt, sodass sich die hier veröffentlichte Einwohnerzahl von der amtlichen Bevölkerungszahl unterscheidet, die von den Statistischen Landesämtern durch Fortschreibung der Volkszählungs- bzw. Zensusergebnisse ermittelt wird. Seit Einführung der Zweitwohnungssteuer am 1.1.2016 ist im Einwohnerregister von einer realistischen Zahl der Personen mit Nebenwohnsitz auszugehen, zusammen mit der Bevölkerung am Ort der Hauptwohnung bilden beide die wohnberechtigte Bevölkerung. Quelle: Melderegister, emeld21 Erläuterungen: - Als Ausländerinnen und Ausländer gelten Personen, die nicht die deutsche Staatsangehörigkeit besitzen. Dazu gehören auch Staatenlose und Personen mit ungeklärter Staatsangehörigkeit. Deutsche, die zugleich eine andere Staatsangehörigkeit besitzen, zählen dagegen nicht zu diesem Personenkreis. Die Klassifikation der Staatsangehörigkeiten basiert auf der vom Statistischen Bundesamt herausgegebenen Staats- und Gebietssystematik. Teilweise gibt es im Einwohnermeldedatensatz noch Personen mit Staatsangehörigkeitsschlüsseln, die heute nicht mehr aktuell sind: So wird Jugoslawien-Altfall zu Serbien, Sowjetunion-Altfall zur Russischen Föderation, CSSR-Altfall zur Tschechischen Republik hinzugerechnet. Als ausländische EU-Bürger/-innen werden die Staatsangehörigen der Nationen bezeichnet, die zu dem jeweiligen Stichtag Mitglied der Europäischen Union sind. Spaltenübersicht: - ortsbezirk_id - ortsbezirk_name - bevoelkerung - frauen - deutsche - auslaender_innen Weitere jährliche Informationen und Graphiken sind zu finden im Kapitel 'Bevölkerung' unter https://www.wiesbaden.de/jahrbuch. Bei Fragen und Wünschen bitte an das Postfach statistik@wiesbaden.de wenden.;CSV, JSON;2026-01-16;https://opendata.cloud.wiesbaden.de/app/data-catalog/55a73c96-fb5f-4d24-802f-5d5f5ac53d57;55a73c96-fb5f-4d24-802f-5d5f5ac53d57;12_statistik_stadtforschung_lhw
Amt für Statistik und Stadtforschung, Landeshauptstadt Wiesbaden;REGI, SOCI;Regionen und Städte / Bevölkerung und Gesellschaft;Kurzinfo Bevölkerungsbestand nach Ortsbezirken in Wiesbaden - Dezember 2025;Dieser Datensatz ist ein Auszug aus den monatlichen Kurzinformationen über den Bevölkerungsbestand des Amtes für Statistik und Stadtforschung. Im PDF Format erscheinen die Kurzinformation unter: https://www.wiesbaden.de/leben-in-wiesbaden/stadtportraet/daten-fakten/statistik-aktuell. Der Feststellung der Bevölkerungszahl liegt der Begriff der Bevölkerung am Ort der alleinigen bzw. Hauptwohnung zu Grunde. Zur Bevölkerung zählen demnach auch die mit Hauptwohnsitz gemeldeten ausländischen und staatenlosen Personen, nicht dagegen die Personen, die nur mit Nebenwohnsitz in Wiesbaden gemeldet sind. Ebenfalls nicht zur ausgewiesenen Bevölkerung gehören die Angehörigen der ausländischen Stationierungsstreitkräfte sowie deren Familien. Als Quelle für die Bevölkerungszahl in Wiesbaden gilt wie in anderen Städten und Kommunen dabei das Einwohnermeldewesen der Stadt, sodass sich die hier veröffentlichte Einwohnerzahl von der amtlichen Bevölkerungszahl unterscheidet, die von den Statistischen Landesämtern durch Fortschreibung der Volkszählungs- bzw. Zensusergebnisse ermittelt wird. Seit Einführung der Zweitwohnungssteuer am 1.1.2016 ist im Einwohnerregister von einer realistischen Zahl der Personen mit Nebenwohnsitz auszugehen, zusammen mit der Bevölkerung am Ort der Hauptwohnung bilden beide die wohnberechtigte Bevölkerung. Quelle: Melderegister, emeld21 Erläuterungen: - Als Ausländerinnen und Ausländer gelten Personen, die nicht die deutsche Staatsangehörigkeit besitzen. Dazu gehören auch Staatenlose und Personen mit ungeklärter Staatsangehörigkeit. Deutsche, die zugleich eine andere Staatsangehörigkeit besitzen, zählen dagegen nicht zu diesem Personenkreis. Die Klassifikation der Staatsangehörigkeiten basiert auf der vom Statistischen Bundesamt herausgegebenen Staats- und Gebietssystematik. Teilweise gibt es im Einwohnermeldedatensatz noch Personen mit Staatsangehörigkeitsschlüsseln, die heute nicht mehr aktuell sind: So wird Jugoslawien-Altfall zu Serbien, Sowjetunion-Altfall zur Russischen Föderation, CSSR-Altfall zur Tschechischen Republik hinzugerechnet. Als ausländische EU-Bürger/-innen werden die Staatsangehörigen der Nationen bezeichnet, die zu dem jeweiligen Stichtag Mitglied der Europäischen Union sind. Spaltenübersicht: - ortsbezirk_id - ortsbezirk_name - bevoelkerung - frauen - deutsche - auslaender_innen Weitere jährliche Informationen und Graphiken sind zu finden im Kapitel 'Bevölkerung' unter https://www.wiesbaden.de/jahrbuch. Bei Fragen und Wünschen bitte an das Postfach statistik@wiesbaden.de wenden.;CSV, JSON;2026-01-16;https://opendata.cloud.wiesbaden.de/app/data-catalog/cbbd4eda-07d3-4870-93e6-e6daf8fc1bca;cbbd4eda-07d3-4870-93e6-e6daf8fc1bca;12_statistik_stadtforschung_lhw
Amt für Statistik und Stadtforschung, Landeshauptstadt Wiesbaden;REGI, SOCI;Regionen und Städte / Bevölkerung und Gesellschaft;Kurzinfo Bevölkerungsbestand nach Ortsbezirken in Wiesbaden - Juli 2025;Dieser Datensatz ist ein Auszug aus den monatlichen Kurzinformationen über den Bevölkerungsbestand des Amtes für Statistik und Stadtforschung. Im PDF Format erscheinen die Kurzinformation unter: https://www.wiesbaden.de/leben-in-wiesbaden/stadtportraet/daten-fakten/statistik-aktuell. Der Feststellung der Bevölkerungszahl liegt der Begriff der Bevölkerung am Ort der alleinigen bzw. Hauptwohnung zu Grunde. Zur Bevölkerung zählen demnach auch die mit Hauptwohnsitz gemeldeten ausländischen und staatenlosen Personen, nicht dagegen die Personen, die nur mit Nebenwohnsitz in Wiesbaden gemeldet sind. Ebenfalls nicht zur ausgewiesenen Bevölkerung gehören die Angehörigen der ausländischen Stationierungsstreitkräfte sowie deren Familien. Als Quelle für die Bevölkerungszahl in Wiesbaden gilt wie in anderen Städten und Kommunen dabei das Einwohnermeldewesen der Stadt, sodass sich die hier veröffentlichte Einwohnerzahl von der amtlichen Bevölkerungszahl unterscheidet, die von den Statistischen Landesämtern durch Fortschreibung der Volkszählungs- bzw. Zensusergebnisse ermittelt wird. Seit Einführung der Zweitwohnungssteuer am 1.1.2016 ist im Einwohnerregister von einer realistischen Zahl der Personen mit Nebenwohnsitz auszugehen, zusammen mit der Bevölkerung am Ort der Hauptwohnung bilden beide die wohnberechtigte Bevölkerung. Quelle: Melderegister, emeld21 Erläuterungen: - Als Ausländerinnen und Ausländer gelten Personen, die nicht die deutsche Staatsangehörigkeit besitzen. Dazu gehören auch Staatenlose und Personen mit ungeklärter Staatsangehörigkeit. Deutsche, die zugleich eine andere Staatsangehörigkeit besitzen, zählen dagegen nicht zu diesem Personenkreis. Die Klassifikation der Staatsangehörigkeiten basiert auf der vom Statistischen Bundesamt herausgegebenen Staats- und Gebietssystematik. Teilweise gibt es im Einwohnermeldedatensatz noch Personen mit Staatsangehörigkeitsschlüsseln, die heute nicht mehr aktuell sind: So wird Jugoslawien-Altfall zu Serbien, Sowjetunion-Altfall zur Russischen Föderation, CSSR-Altfall zur Tschechischen Republik hinzugerechnet. Als ausländische EU-Bürger/-innen werden die Staatsangehörigen der Nationen bezeichnet, die zu dem jeweiligen Stichtag Mitglied der Europäischen Union sind. Spaltenübersicht: - ortsbezirk_id - ortsbezirk_name - bevoelkerung - frauen - deutsche - auslaender_innen Weitere jährliche Informationen und Graphiken sind zu finden im Kapitel 'Bevölkerung' unter https://www.wiesbaden.de/jahrbuch. Bei Fragen und Wünschen bitte an das Postfach statistik@wiesbaden.de wenden.;CSV, JSON;2026-01-16;https://opendata.cloud.wiesbaden.de/app/data-catalog/f28b481c-07bb-4f47-b0a8-4208c4562424;f28b481c-07bb-4f47-b0a8-4208c4562424;12_statistik_stadtforschung_lhw
Amt für Statistik und Stadtforschung, Landeshauptstadt Wiesbaden;REGI, SOCI;Regionen und Städte / Bevölkerung und Gesellschaft;Kurzinfo Bevölkerungsbestand nach Ortsbezirken in Wiesbaden - Juni 2025;Dieser Datensatz ist ein Auszug aus den monatlichen Kurzinformationen über den Bevölkerungsbestand des Amtes für Statistik und Stadtforschung. Im PDF Format erscheinen die Kurzinformation unter: https://www.wiesbaden.de/leben-in-wiesbaden/stadtportraet/daten-fakten/statistik-aktuell. Der Feststellung der Bevölkerungszahl liegt der Begriff der Bevölkerung am Ort der alleinigen bzw. Hauptwohnung zu Grunde. Zur Bevölkerung zählen demnach auch die mit Hauptwohnsitz gemeldeten ausländischen und staatenlosen Personen, nicht dagegen die Personen, die nur mit Nebenwohnsitz in Wiesbaden gemeldet sind. Ebenfalls nicht zur ausgewiesenen Bevölkerung gehören die Angehörigen der ausländischen Stationierungsstreitkräfte sowie deren Familien. Als Quelle für die Bevölkerungszahl in Wiesbaden gilt wie in anderen Städten und Kommunen dabei das Einwohnermeldewesen der Stadt, sodass sich die hier veröffentlichte Einwohnerzahl von der amtlichen Bevölkerungszahl unterscheidet, die von den Statistischen Landesämtern durch Fortschreibung der Volkszählungs- bzw. Zensusergebnisse ermittelt wird. Seit Einführung der Zweitwohnungssteuer am 1.1.2016 ist im Einwohnerregister von einer realistischen Zahl der Personen mit Nebenwohnsitz auszugehen, zusammen mit der Bevölkerung am Ort der Hauptwohnung bilden beide die wohnberechtigte Bevölkerung. Quelle: Melderegister, emeld21 Erläuterungen: - Als Ausländerinnen und Ausländer gelten Personen, die nicht die deutsche Staatsangehörigkeit besitzen. Dazu gehören auch Staatenlose und Personen mit ungeklärter Staatsangehörigkeit. Deutsche, die zugleich eine andere Staatsangehörigkeit besitzen, zählen dagegen nicht zu diesem Personenkreis. Die Klassifikation der Staatsangehörigkeiten basiert auf der vom Statistischen Bundesamt herausgegebenen Staats- und Gebietssystematik. Teilweise gibt es im Einwohnermeldedatensatz noch Personen mit Staatsangehörigkeitsschlüsseln, die heute nicht mehr aktuell sind: So wird Jugoslawien-Altfall zu Serbien, Sowjetunion-Altfall zur Russischen Föderation, CSSR-Altfall zur Tschechischen Republik hinzugerechnet. Als ausländische EU-Bürger/-innen werden die Staatsangehörigen der Nationen bezeichnet, die zu dem jeweiligen Stichtag Mitglied der Europäischen Union sind. Spaltenübersicht: - ortsbezirk_id - ortsbezirk_name - bevoelkerung - frauen - deutsche - auslaender_innen Weitere jährliche Informationen und Graphiken sind zu finden im Kapitel 'Bevölkerung' unter https://www.wiesbaden.de/jahrbuch. Bei Fragen und Wünschen bitte an das Postfach statistik@wiesbaden.de wenden.;CSV, JSON;2026-01-16;https://opendata.cloud.wiesbaden.de/app/data-catalog/f52d6626-7ba4-4519-8a6f-ee3b475de19b;f52d6626-7ba4-4519-8a6f-ee3b475de19b;12_statistik_stadtforschung_lhw
Amt für Statistik und Stadtforschung, Landeshauptstadt Wiesbaden;REGI, SOCI;Regionen und Städte / Bevölkerung und Gesellschaft;Kurzinfo Bevölkerungsbestand nach Ortsbezirken in Wiesbaden - Mai 2025;Dieser Datensatz ist ein Auszug aus den monatlichen Kurzinformationen über den Bevölkerungsbestand des Amtes für Statistik und Stadtforschung. Im PDF Format erscheinen die Kurzinformation unter: https://www.wiesbaden.de/leben-in-wiesbaden/stadtportraet/daten-fakten/statistik-aktuell. Der Feststellung der Bevölkerungszahl liegt der Begriff der Bevölkerung am Ort der alleinigen bzw. Hauptwohnung zu Grunde. Zur Bevölkerung zählen demnach auch die mit Hauptwohnsitz gemeldeten ausländischen und staatenlosen Personen, nicht dagegen die Personen, die nur mit Nebenwohnsitz in Wiesbaden gemeldet sind. Ebenfalls nicht zur ausgewiesenen Bevölkerung gehören die Angehörigen der ausländischen Stationierungsstreitkräfte sowie deren Familien. Als Quelle für die Bevölkerungszahl in Wiesbaden gilt wie in anderen Städten und Kommunen dabei das Einwohnermeldewesen der Stadt, sodass sich die hier veröffentlichte Einwohnerzahl von der amtlichen Bevölkerungszahl unterscheidet, die von den Statistischen Landesämtern durch Fortschreibung der Volkszählungs- bzw. Zensusergebnisse ermittelt wird. Seit Einführung der Zweitwohnungssteuer am 1.1.2016 ist im Einwohnerregister von einer realistischen Zahl der Personen mit Nebenwohnsitz auszugehen, zusammen mit der Bevölkerung am Ort der Hauptwohnung bilden beide die wohnberechtigte Bevölkerung. Quelle: Melderegister, emeld21 Erläuterungen: - Als Ausländerinnen und Ausländer gelten Personen, die nicht die deutsche Staatsangehörigkeit besitzen. Dazu gehören auch Staatenlose und Personen mit ungeklärter Staatsangehörigkeit. Deutsche, die zugleich eine andere Staatsangehörigkeit besitzen, zählen dagegen nicht zu diesem Personenkreis. Die Klassifikation der Staatsangehörigkeiten basiert auf der vom Statistischen Bundesamt herausgegebenen Staats- und Gebietssystematik. Teilweise gibt es im Einwohnermeldedatensatz noch Personen mit Staatsangehörigkeitsschlüsseln, die heute nicht mehr aktuell sind: So wird Jugoslawien-Altfall zu Serbien, Sowjetunion-Altfall zur Russischen Föderation, CSSR-Altfall zur Tschechischen Republik hinzugerechnet. Als ausländische EU-Bürger/-innen werden die Staatsangehörigen der Nationen bezeichnet, die zu dem jeweiligen Stichtag Mitglied der Europäischen Union sind. Spaltenübersicht: - ortsbezirk_id - ortsbezirk_name - bevoelkerung - frauen - deutsche - auslaender_innen Weitere jährliche Informationen und Graphiken sind zu finden im Kapitel 'Bevölkerung' unter https://www.wiesbaden.de/jahrbuch. Bei Fragen und Wünschen bitte an das Postfach statistik@wiesbaden.de wenden.;CSV, JSON;2026-01-16;https://opendata.cloud.wiesbaden.de/app/data-catalog/38852dd7-fd38-4730-916d-2bbb6efcfe4f;38852dd7-fd38-4730-916d-2bbb6efcfe4f;12_statistik_stadtforschung_lhw
Amt für Statistik und Stadtforschung, Landeshauptstadt Wiesbaden;REGI, SOCI;Regionen und Städte / Bevölkerung und Gesellschaft;Kurzinfo Bevölkerungsbestand nach Ortsbezirken in Wiesbaden - November 2025;Dieser Datensatz ist ein Auszug aus den monatlichen Kurzinformationen über den Bevölkerungsbestand des Amtes für Statistik und Stadtforschung. Im PDF Format erscheinen die Kurzinformation unter: https://www.wiesbaden.de/leben-in-wiesbaden/stadtportraet/daten-fakten/statistik-aktuell. Der Feststellung der Bevölkerungszahl liegt der Begriff der Bevölkerung am Ort der alleinigen bzw. Hauptwohnung zu Grunde. Zur Bevölkerung zählen demnach auch die mit Hauptwohnsitz gemeldeten ausländischen und staatenlosen Personen, nicht dagegen die Personen, die nur mit Nebenwohnsitz in Wiesbaden gemeldet sind. Ebenfalls nicht zur ausgewiesenen Bevölkerung gehören die Angehörigen der ausländischen Stationierungsstreitkräfte sowie deren Familien. Als Quelle für die Bevölkerungszahl in Wiesbaden gilt wie in anderen Städten und Kommunen dabei das Einwohnermeldewesen der Stadt, sodass sich die hier veröffentlichte Einwohnerzahl von der amtlichen Bevölkerungszahl unterscheidet, die von den Statistischen Landesämtern durch Fortschreibung der Volkszählungs- bzw. Zensusergebnisse ermittelt wird. Seit Einführung der Zweitwohnungssteuer am 1.1.2016 ist im Einwohnerregister von einer realistischen Zahl der Personen mit Nebenwohnsitz auszugehen, zusammen mit der Bevölkerung am Ort der Hauptwohnung bilden beide die wohnberechtigte Bevölkerung. Quelle: Melderegister, emeld21 Erläuterungen: - Als Ausländerinnen und Ausländer gelten Personen, die nicht die deutsche Staatsangehörigkeit besitzen. Dazu gehören auch Staatenlose und Personen mit ungeklärter Staatsangehörigkeit. Deutsche, die zugleich eine andere Staatsangehörigkeit besitzen, zählen dagegen nicht zu diesem Personenkreis. Die Klassifikation der Staatsangehörigkeiten basiert auf der vom Statistischen Bundesamt herausgegebenen Staats- und Gebietssystematik. Teilweise gibt es im Einwohnermeldedatensatz noch Personen mit Staatsangehörigkeitsschlüsseln, die heute nicht mehr aktuell sind: So wird Jugoslawien-Altfall zu Serbien, Sowjetunion-Altfall zur Russischen Föderation, CSSR-Altfall zur Tschechischen Republik hinzugerechnet. Als ausländische EU-Bürger/-innen werden die Staatsangehörigen der Nationen bezeichnet, die zu dem jeweiligen Stichtag Mitglied der Europäischen Union sind. Spaltenübersicht: - ortsbezirk_id - ortsbezirk_name - bevoelkerung - frauen - deutsche - auslaender_innen Weitere jährliche Informationen und Graphiken sind zu finden im Kapitel 'Bevölkerung' unter https://www.wiesbaden.de/jahrbuch. Bei Fragen und Wünschen bitte an das Postfach statistik@wiesbaden.de wenden.;CSV, JSON;2026-01-16;https://opendata.cloud.wiesbaden.de/app/data-catalog/fb70cb18-bdb0-4268-ac8d-8153113a1cc6;fb70cb18-bdb0-4268-ac8d-8153113a1cc6;12_statistik_stadtforschung_lhw
Amt für Statistik und Stadtforschung, Landeshauptstadt Wiesbaden;REGI, SOCI;Regionen und Städte / Bevölkerung und Gesellschaft;Kurzinfo Bevölkerungsbestand nach Ortsbezirken in Wiesbaden - September 2025;Dieser Datensatz ist ein Auszug aus den monatlichen Kurzinformationen über den Bevölkerungsbestand des Amtes für Statistik und Stadtforschung. Im PDF Format erscheinen die Kurzinformation unter: https://www.wiesbaden.de/leben-in-wiesbaden/stadtportraet/daten-fakten/statistik-aktuell. Der Feststellung der Bevölkerungszahl liegt der Begriff der Bevölkerung am Ort der alleinigen bzw. Hauptwohnung zu Grunde. Zur Bevölkerung zählen demnach auch die mit Hauptwohnsitz gemeldeten ausländischen und staatenlosen Personen, nicht dagegen die Personen, die nur mit Nebenwohnsitz in Wiesbaden gemeldet sind. Ebenfalls nicht zur ausgewiesenen Bevölkerung gehören die Angehörigen der ausländischen Stationierungsstreitkräfte sowie deren Familien. Als Quelle für die Bevölkerungszahl in Wiesbaden gilt wie in anderen Städten und Kommunen dabei das Einwohnermeldewesen der Stadt, sodass sich die hier veröffentlichte Einwohnerzahl von der amtlichen Bevölkerungszahl unterscheidet, die von den Statistischen Landesämtern durch Fortschreibung der Volkszählungs- bzw. Zensusergebnisse ermittelt wird. Seit Einführung der Zweitwohnungssteuer am 1.1.2016 ist im Einwohnerregister von einer realistischen Zahl der Personen mit Nebenwohnsitz auszugehen, zusammen mit der Bevölkerung am Ort der Hauptwohnung bilden beide die wohnberechtigte Bevölkerung. Quelle: Melderegister, emeld21 Erläuterungen: - Als Ausländerinnen und Ausländer gelten Personen, die nicht die deutsche Staatsangehörigkeit besitzen. Dazu gehören auch Staatenlose und Personen mit ungeklärter Staatsangehörigkeit. Deutsche, die zugleich eine andere Staatsangehörigkeit besitzen, zählen dagegen nicht zu diesem Personenkreis. Die Klassifikation der Staatsangehörigkeiten basiert auf der vom Statistischen Bundesamt herausgegebenen Staats- und Gebietssystematik. Teilweise gibt es im Einwohnermeldedatensatz noch Personen mit Staatsangehörigkeitsschlüsseln, die heute nicht mehr aktuell sind: So wird Jugoslawien-Altfall zu Serbien, Sowjetunion-Altfall zur Russischen Föderation, CSSR-Altfall zur Tschechischen Republik hinzugerechnet. Als ausländische EU-Bürger/-innen werden die Staatsangehörigen der Nationen bezeichnet, die zu dem jeweiligen Stichtag Mitglied der Europäischen Union sind. Spaltenübersicht: - ortsbezirk_id - ortsbezirk_name - bevoelkerung - frauen - deutsche - auslaender_innen Weitere jährliche Informationen und Graphiken sind zu finden im Kapitel 'Bevölkerung' unter https://www.wiesbaden.de/jahrbuch. Bei Fragen und Wünschen bitte an das Postfach statistik@wiesbaden.de wenden.;CSV, JSON;2026-01-16;https://opendata.cloud.wiesbaden.de/app/data-catalog/cfe6b17f-de1c-4518-863e-77e65e412688;cfe6b17f-de1c-4518-863e-77e65e412688;12_statistik_stadtforschung_lhw
Amt für Statistik und Stadtforschung, Landeshauptstadt Wiesbaden;REGI, SOCI;Regionen und Städte / Bevölkerung und Gesellschaft;Kurzinfo Bevölkerungsbestand nach Wahlbezirken in Wiesbaden - Januar 2026;Dieser Datensatz beinhaltet aktuelle Kurzinformationen aus der Wiesbadener Statistik zum Thema Bevölkerungsbestand in den Wahlbezirken am 31.01.2026. Weitere jährliche Informationen und Graphiken sind zu finden im Kapitel 'Bevölkerung' unter https://www.wiesbaden.de/jahrbuch. Bei Fragen und Wünschen bitte an das Postfach statistik@wiesbaden.de wenden. Hinweis zur Geheimhaltung: Zur Wahrung des Datenschutzes und statistischer Geheimhaltung wurden Zellen mit kleinen Fallzahlen angepasst. Für alle numerischen Werte gilt: Werte kleiner als 3 werden auf 0 gesetzt, Werte zwischen 3 und 5 werden auf 5 gerundet. Zusätzlich wird bei Bedarf eine weitere Zelle auf 5 gesetzt, um Rückschlüsse über Rand- bzw. Gesamtsummen zu vermeiden.;CSV, JSON;2026-02-02;https://opendata.cloud.wiesbaden.de/app/data-catalog/636bad7d-3358-486f-a7d8-73bd1571c52f;636bad7d-3358-486f-a7d8-73bd1571c52f;12_statistik_stadtforschung_lhw
Amt für Statistik und Stadtforschung, Landeshauptstadt Wiesbaden;REGI, SOCI;Regionen und Städte / Bevölkerung und Gesellschaft;Kurzinfo Durchschnittsalter nach Wahlbezirken in Wiesbaden - Januar 2026;Dieser Datensatz beinhaltet aktuelle Kurzinformationen aus der Wiesbadener Statistik zum Thema Durchschnittsalter in den Wahlbezirken am 31.01.2026. Weitere jährliche Informationen und Graphiken sind zu finden im Kapitel 'Bevölkerung' unter https://www.wiesbaden.de/jahrbuch. Bei Fragen und Wünschen bitte an das Postfach statistik@wiesbaden.de wenden. Hinweis zur Geheimhaltung: Zur Wahrung des Datenschutzes und statistischer Geheimhaltung wurden Zellen mit kleinen Fallzahlen angepasst. Für alle numerischen Werte gilt: Werte kleiner als 3 werden auf 0 gesetzt, Werte zwischen 3 und 5 werden auf 5 gerundet. Zusätzlich wird bei Bedarf eine weitere Zelle auf 5 gesetzt, um Rückschlüsse über Rand- bzw. Gesamtsummen zu vermeiden.;CSV, JSON;2026-02-02;https://opendata.cloud.wiesbaden.de/app/data-catalog/e800ff9c-fa87-4fb9-a5aa-8af3a43c2d95;e800ff9c-fa87-4fb9-a5aa-8af3a43c2d95;12_statistik_stadtforschung_lhw
Amt für Statistik und Stadtforschung, Landeshauptstadt Wiesbaden;REGI, SOCI;Regionen und Städte / Bevölkerung und Gesellschaft;Schülerinnen und Schüler an beruflichen Schulen nach Schulformen in Wiesbaden - 2016 bis 2024;"Dieser Datensatz ist ein Auszug aus dem Statistischen Informationssystems des Amtes für Statistik und Stadtforschung aus dem Kapitel 'Bildung und Ausbildung'. Die Erhebungen an den allgemeinbildenden und den beruflichen Schulen beruhen auf einer Verordnung des Hessischen Kultusministeriums; sie werden jährlich im Herbst zu Beginn des Schuljahres durchgeführt und erstrecken sich auf alle öffentlichen und privaten Schulen. Alle Angaben beziehen sich auf den Schulort Wiesbaden – unabhängig vom Wohnort der Schülerinnen und Schüler. Aus Gründen des Datenschutzes und der statistischen Geheimhaltung werden Einzelwerte mit sehr geringen Fallzahlen nicht ausgewiesen. Betroffene Werte sind in den bereitgestellten Daten als fehlend gekennzeichnet (leeres Feld im CSV bzw. null im JSON). Quelle: Hessisches Statistisches Landesamt Erläuterungen: - Das Gymnasium baut auf den Lernanforderungen der Grundschule auf. Das neunjährige Gymnasium gliedert sich in seiner Mittelstufe in die Jahrgangsstufen 5 bis 10 und in seiner Oberstufe in die Jahrgangsstufen 11 bis 13. Das verkürzte achtjährige Gymnasium (G8) gliedert sich in seiner Mittelstufe in die Jahrgangsstufen 5 bis 9 und in seiner Oberstufe in die Jahrgangsstufen 10 bis 12. Mit dem Abschluss der Oberstufe, die aus der einjährigen Einführungsphase und der zweijährigen Qualifikationsphase besteht, wird die allgemeine Hochschulreife erworben. Mittel- und Oberstufen können auch organisatorisch selbständig geführt werden. - Seit dem Schuljahr 2015/2016 gibt es Intensivklassen für Schülerinnen und Schüler aus dem Ausland, die grundlegende Kenntnisse der deutschen Sprache erwerben müssen. - Die Berufsschule muss von Jugendlichen und Erwachsenen besucht werden, die eine duale Berufsausbildung im Sinne des Berufsbildungsgesetzes durchlaufen. Auch Jugendliche ohne Beschäftigung und solche, die in einem Arbeits- oder Dienstverhältnis stehen, sind berufsschulpflichtig. Die Berufsschulen gliedern sich in die Grund- und Fachstufe. In der Regel dauert die Grundstufe ein Schuljahr und die Fachstufe zwei Schuljahre. - Die Berufsfachschule ist eine Einrichtung mit Vollzeitunterricht von mindestens einjähriger Dauer, für deren Besuch weder eine Berufsausbildung noch eine berufliche Tätigkeit vorausgesetzt wird. Sie vermittelt berufliche und allgemeine Lerninhalte und bereitet auf eine Fachbildung in einem Ausbildungsberuf vor oder führt unmittelbar zu einem Berufsabschluss. Ferner bieten Berufsfachschulen Bildungsgänge an, die zu einem mittleren allgemeinbildenden Abschluss führen. - Die Fachschule dient der vertiefenden beruflichen Aus- und Weiterbildung und wird nach einer Berufsausbildung oder ausreichenden Berufspraxis besucht. Die Ausbildung dauert ein bis drei Jahre und wird als Vollzeit- oder Teilzeitunterricht durchgeführt. - Die Fachoberschule baut auf dem mittleren Abschluss auf und führt neben oder nach einer beruflichen Qualifizierung zur Fachhochschulreife. Sie umfasst in der Regel die Jahrgangsstufen 11 und 12. Spaltenübersicht: - Jahr - Schülerinnen und Schüler an beruflichen Schulen - Schülerinnen und Schüler an Berufsschulen - Schülerinnen und Schüler an Berufsfachschulen - Schülerinnen und Schüler an Fachschulen - Schülerinnen und Schüler an Fachoberschulen - Schülerinnen und Schüler an Beruflichen Gymnasien - Schülerinnen und Schüler in Intensivklassen für Seiteneinsteiger an beruflichen Schulen - Schülerinnen an beruflichen Schulen - Schülerinnen an Berufsschulen - Schülerinnen an Berufsfachschulen - Schülerinnen an Fachschulen - Schülerinnen an Fachoberschulen - Schülerinnen an Beruflichen Gymnasien - Schülerinnen in Intensivklassen für Seiteneinsteiger an beruflichen Schulen - Ausländische Schülerinnen und Schüler an beruflichen Schulen - Ausländische Schülerinnen und Schüler an Berufsschulen - Ausländische Schülerinnen und Schüler an Berufsfachschulen - Ausländische Schülerinnen und Schüler an Fachschulen - Ausländische Schülerinnen und Schüler an Fachoberschulen - Ausländische Schülerinnen und Schüler an Beruflichen Gymnasien - Ausländische Schülerinnen und Schüler in Intensivklassen für Seiteneinsteiger an beruflichen Schulen Weitere Informationen und Graphiken sind zu finden im Kapitel 'Bildung und Ausbildung' unter https://www.wiesbaden.de/jahrbuch. Bei Fragen und Wünschen bitte an das Postfach statistik@wiesbaden.de wenden.";CSV, JSON;2026-01-14;https://opendata.cloud.wiesbaden.de/app/data-catalog/76ffb291-16bb-4278-9f34-3badbb6f5b81;76ffb291-16bb-4278-9f34-3badbb6f5b81;12_statistik_stadtforschung_lhw
Mobilithek;REGI, TRAN, GOVE;Regionen und Städte / Verkehr / Regierung und öffentlicher Sektor;Baustellen/Verkehrsinformationen Region Frankfurt RheinMain;Verkehrsinformationen und Informationen zu Baustellen sowie Verkehrsbeeinträchtigungen durch Veranstaltungen in der Region Frankfurt RheinMain. Zurzeit sind Meldungen folgender Kommunen enthalten: Stadt Friedrichsdorf, Landeshauptstadt Wiesbaden.;BIN;2023-01-23;https://opendata.cloud.wiesbaden.de/app/data-catalog/552179356812632064;552179356812632064;mobilithek
Mobilithek;REGI, TRAN, GOVE;Regionen und Städte / Verkehr / Regierung und öffentlicher Sektor;P+R Hessen (statische Daten);Die Publikation enthält die Park und Ride-Anlagen in Hessen.;XML;2026-04-30;https://opendata.cloud.wiesbaden.de/app/data-catalog/986574757105147904;986574757105147904;mobilithek
Amt für Statistik und Stadtforschung, Landeshauptstadt Wiesbaden;SOCI;Bevölkerung und Gesellschaft;Anteile von unveränderten, kumulierten und panaschierten Stimmzetteln nach Wahlvorschlägen in Wiesbaden Amöneburg - 2026;Bestandteil der Wahlanalyse zur Kommunalwahl 2026 der Landeshauptstadt Wiesbaden;CSV, HTML;2026-04-20;https://opendata.cloud.wiesbaden.de/app/data-catalog/e498244b-f877-4460-829a-d7cf0ca272b7;e498244b-f877-4460-829a-d7cf0ca272b7;12_statistik_stadtforschung_lhw
Amt für Statistik und Stadtforschung, Landeshauptstadt Wiesbaden;SOCI;Bevölkerung und Gesellschaft;Anteile von unveränderten, kumulierten und panaschierten Stimmzetteln nach Wahlvorschlägen in Wiesbaden Auringen - 2026;Bestandteil der Wahlanalyse zur Kommunalwahl 2026 der Landeshauptstadt Wiesbaden;CSV, HTML;2026-04-20;https://opendata.cloud.wiesbaden.de/app/data-catalog/150cf232-d7f8-4103-87a7-9ebb009e9e14;150cf232-d7f8-4103-87a7-9ebb009e9e14;12_statistik_stadtforschung_lhw
Amt für Statistik und Stadtforschung, Landeshauptstadt Wiesbaden;SOCI;Bevölkerung und Gesellschaft;Anteile von unveränderten, kumulierten und panaschierten Stimmzetteln nach Wahlvorschlägen in Wiesbaden Biebrich - 2026;Bestandteil der Wahlanalyse zur Kommunalwahl 2026 der Landeshauptstadt Wiesbaden;CSV, HTML;2026-04-20;https://opendata.cloud.wiesbaden.de/app/data-catalog/f6157ebd-16b5-4471-b08f-57d4199509a6;f6157ebd-16b5-4471-b08f-57d4199509a6;12_statistik_stadtforschung_lhw
Amt für Statistik und Stadtforschung, Landeshauptstadt Wiesbaden;SOCI;Bevölkerung und Gesellschaft;Anteile von unveränderten, kumulierten und panaschierten Stimmzetteln nach Wahlvorschlägen in Wiesbaden Bierstadt - 2026;Bestandteil der Wahlanalyse zur Kommunalwahl 2026 der Landeshauptstadt Wiesbaden;CSV, HTML;2026-04-20;https://opendata.cloud.wiesbaden.de/app/data-catalog/d0015444-487c-49b5-94ea-be6b720cb41c;d0015444-487c-49b5-94ea-be6b720cb41c;12_statistik_stadtforschung_lhw
Amt für Statistik und Stadtforschung, Landeshauptstadt Wiesbaden;SOCI;Bevölkerung und Gesellschaft;Anteile von unveränderten, kumulierten und panaschierten Stimmzetteln nach Wahlvorschlägen in Wiesbaden Breckenheim - 2026;Bestandteil der Wahlanalyse zur Kommunalwahl 2026 der Landeshauptstadt Wiesbaden;CSV, HTML;2026-04-20;https://opendata.cloud.wiesbaden.de/app/data-catalog/13e6d5c1-3dc6-41de-895b-75717541f65c;13e6d5c1-3dc6-41de-895b-75717541f65c;12_statistik_stadtforschung_lhw
Amt für Statistik und Stadtforschung, Landeshauptstadt Wiesbaden;SOCI;Bevölkerung und Gesellschaft;Anteile von unveränderten, kumulierten und panaschierten Stimmzetteln nach Wahlvorschlägen in Wiesbaden Delkenheim - 2026;Bestandteil der Wahlanalyse zur Kommunalwahl 2026 der Landeshauptstadt Wiesbaden;CSV, HTML;2026-04-20;https://opendata.cloud.wiesbaden.de/app/data-catalog/24e9ee33-6a2e-4824-a468-08dc543f2d88;24e9ee33-6a2e-4824-a468-08dc543f2d88;12_statistik_stadtforschung_lhw
Amt für Statistik und Stadtforschung, Landeshauptstadt Wiesbaden;SOCI;Bevölkerung und Gesellschaft;Anteile von unveränderten, kumulierten und panaschierten Stimmzetteln nach Wahlvorschlägen in Wiesbaden Dotzheim - 2026;Bestandteil der Wahlanalyse zur Kommunalwahl 2026 der Landeshauptstadt Wiesbaden;CSV, HTML;2026-04-20;https://opendata.cloud.wiesbaden.de/app/data-catalog/9df27230-134a-463a-b1f0-83f39a253abf;9df27230-134a-463a-b1f0-83f39a253abf;12_statistik_stadtforschung_lhw
Amt für Statistik und Stadtforschung, Landeshauptstadt Wiesbaden;SOCI;Bevölkerung und Gesellschaft;Anteile von unveränderten, kumulierten und panaschierten Stimmzetteln nach Wahlvorschlägen in Wiesbaden Erbenheim - 2026;Bestandteil der Wahlanalyse zur Kommunalwahl 2026 der Landeshauptstadt Wiesbaden;CSV, HTML;2026-04-20;https://opendata.cloud.wiesbaden.de/app/data-catalog/bc32cea7-ccc1-4008-a3ba-3c61ea644e68;bc32cea7-ccc1-4008-a3ba-3c61ea644e68;12_statistik_stadtforschung_lhw
Amt für Statistik und Stadtforschung, Landeshauptstadt Wiesbaden;SOCI;Bevölkerung und Gesellschaft;Anteile von unveränderten, kumulierten und panaschierten Stimmzetteln nach Wahlvorschlägen in Wiesbaden Frauenstein - 2026;Bestandteil der Wahlanalyse zur Kommunalwahl 2026 der Landeshauptstadt Wiesbaden;CSV, HTML;2026-04-20;https://opendata.cloud.wiesbaden.de/app/data-catalog/a10d35dd-5050-47f0-bb66-83a51d6266fd;a10d35dd-5050-47f0-bb66-83a51d6266fd;12_statistik_stadtforschung_lhw
Amt für Statistik und Stadtforschung, Landeshauptstadt Wiesbaden;SOCI;Bevölkerung und Gesellschaft;Anteile von unveränderten, kumulierten und panaschierten Stimmzetteln nach Wahlvorschlägen in Wiesbaden Heßloch - 2026;Bestandteil der Wahlanalyse zur Kommunalwahl 2026 der Landeshauptstadt Wiesbaden;CSV, HTML;2026-04-20;https://opendata.cloud.wiesbaden.de/app/data-catalog/369dfd42-ee81-4dea-baca-c97fb9a4a0fe;369dfd42-ee81-4dea-baca-c97fb9a4a0fe;12_statistik_stadtforschung_lhw
Amt für Statistik und Stadtforschung, Landeshauptstadt Wiesbaden;SOCI;Bevölkerung und Gesellschaft;Anteile von unveränderten, kumulierten und panaschierten Stimmzetteln nach Wahlvorschlägen in Wiesbaden Igstadt - 2026;Bestandteil der Wahlanalyse zur Kommunalwahl 2026 der Landeshauptstadt Wiesbaden;CSV, HTML;2026-04-20;https://opendata.cloud.wiesbaden.de/app/data-catalog/c4c9aeea-b850-49c8-b2a6-868e52cf2a8c;c4c9aeea-b850-49c8-b2a6-868e52cf2a8c;12_statistik_stadtforschung_lhw
Amt für Statistik und Stadtforschung, Landeshauptstadt Wiesbaden;SOCI;Bevölkerung und Gesellschaft;Anteile von unveränderten, kumulierten und panaschierten Stimmzetteln nach Wahlvorschlägen in Wiesbaden Kastel - 2026;Bestandteil der Wahlanalyse zur Kommunalwahl 2026 der Landeshauptstadt Wiesbaden;CSV, HTML;2026-04-20;https://opendata.cloud.wiesbaden.de/app/data-catalog/0cc226e3-ea55-4dac-9d21-0b024c4a33b0;0cc226e3-ea55-4dac-9d21-0b024c4a33b0;12_statistik_stadtforschung_lhw
Amt für Statistik und Stadtforschung, Landeshauptstadt Wiesbaden;SOCI;Bevölkerung und Gesellschaft;Anteile von unveränderten, kumulierten und panaschierten Stimmzetteln nach Wahlvorschlägen in Wiesbaden Klarenthal - 2026;Bestandteil der Wahlanalyse zur Kommunalwahl 2026 der Landeshauptstadt Wiesbaden;CSV, HTML;2026-04-20;https://opendata.cloud.wiesbaden.de/app/data-catalog/b0c81b1f-2802-4fcc-9236-b038caf15b73;b0c81b1f-2802-4fcc-9236-b038caf15b73;12_statistik_stadtforschung_lhw
Amt für Statistik und Stadtforschung, Landeshauptstadt Wiesbaden;SOCI;Bevölkerung und Gesellschaft;Anteile von unveränderten, kumulierten und panaschierten Stimmzetteln nach Wahlvorschlägen in Wiesbaden Kloppenheim - 2026;Bestandteil der Wahlanalyse zur Kommunalwahl 2026 der Landeshauptstadt Wiesbaden;CSV, HTML;2026-04-20;https://opendata.cloud.wiesbaden.de/app/data-catalog/69fe8518-dc1d-4079-9239-f71b4b25e1a8;69fe8518-dc1d-4079-9239-f71b4b25e1a8;12_statistik_stadtforschung_lhw
Amt für Statistik und Stadtforschung, Landeshauptstadt Wiesbaden;SOCI;Bevölkerung und Gesellschaft;Anteile von unveränderten, kumulierten und panaschierten Stimmzetteln nach Wahlvorschlägen in Wiesbaden Kostheim - 2026;Bestandteil der Wahlanalyse zur Kommunalwahl 2026 der Landeshauptstadt Wiesbaden;CSV, HTML;2026-04-20;https://opendata.cloud.wiesbaden.de/app/data-catalog/c8461ec7-26fd-459d-b81f-41b45c52029b;c8461ec7-26fd-459d-b81f-41b45c52029b;12_statistik_stadtforschung_lhw
Amt für Statistik und Stadtforschung, Landeshauptstadt Wiesbaden;SOCI;Bevölkerung und Gesellschaft;Anteile von unveränderten, kumulierten und panaschierten Stimmzetteln nach Wahlvorschlägen in Wiesbaden Medenbach - 2026;Bestandteil der Wahlanalyse zur Kommunalwahl 2026 der Landeshauptstadt Wiesbaden;CSV, HTML;2026-04-20;https://opendata.cloud.wiesbaden.de/app/data-catalog/e220633d-ce44-401e-bcb8-a00a84cb467d;e220633d-ce44-401e-bcb8-a00a84cb467d;12_statistik_stadtforschung_lhw
Amt für Statistik und Stadtforschung, Landeshauptstadt Wiesbaden;SOCI;Bevölkerung und Gesellschaft;Anteile von unveränderten, kumulierten und panaschierten Stimmzetteln nach Wahlvorschlägen in Wiesbaden Mitte - 2026;Bestandteil der Wahlanalyse zur Kommunalwahl 2026 der Landeshauptstadt Wiesbaden;CSV, HTML;2026-04-20;https://opendata.cloud.wiesbaden.de/app/data-catalog/eb6ca8f0-8fc6-4fb2-849b-5dd5170f31b5;eb6ca8f0-8fc6-4fb2-849b-5dd5170f31b5;12_statistik_stadtforschung_lhw
Amt für Statistik und Stadtforschung, Landeshauptstadt Wiesbaden;SOCI;Bevölkerung und Gesellschaft;Anteile von unveränderten, kumulierten und panaschierten Stimmzetteln nach Wahlvorschlägen in Wiesbaden Naurod - 2026;Bestandteil der Wahlanalyse zur Kommunalwahl 2026 der Landeshauptstadt Wiesbaden;CSV, HTML;2026-04-20;https://opendata.cloud.wiesbaden.de/app/data-catalog/9d48fd6d-ee66-44f9-af72-d879f91ab9a6;9d48fd6d-ee66-44f9-af72-d879f91ab9a6;12_statistik_stadtforschung_lhw
Amt für Statistik und Stadtforschung, Landeshauptstadt Wiesbaden;SOCI;Bevölkerung und Gesellschaft;Anteile von unveränderten, kumulierten und panaschierten Stimmzetteln nach Wahlvorschlägen in Wiesbaden Nordenstadt - 2026;Bestandteil der Wahlanalyse zur Kommunalwahl 2026 der Landeshauptstadt Wiesbaden;CSV, HTML;2026-04-20;https://opendata.cloud.wiesbaden.de/app/data-catalog/15de5073-fc4f-45e9-b15a-c2c05e270f12;15de5073-fc4f-45e9-b15a-c2c05e270f12;12_statistik_stadtforschung_lhw
Amt für Statistik und Stadtforschung, Landeshauptstadt Wiesbaden;SOCI;Bevölkerung und Gesellschaft;Anteile von unveränderten, kumulierten und panaschierten Stimmzetteln nach Wahlvorschlägen in Wiesbaden Nordost - 2026;Bestandteil der Wahlanalyse zur Kommunalwahl 2026 der Landeshauptstadt Wiesbaden;CSV, HTML;2026-04-20;https://opendata.cloud.wiesbaden.de/app/data-catalog/3cf98d98-a374-4c0d-85d8-441f5b5f5d00;3cf98d98-a374-4c0d-85d8-441f5b5f5d00;12_statistik_stadtforschung_lhw
Amt für Statistik und Stadtforschung, Landeshauptstadt Wiesbaden;SOCI;Bevölkerung und Gesellschaft;Anteile von unveränderten, kumulierten und panaschierten Stimmzetteln nach Wahlvorschlägen in Wiesbaden Rambach - 2026;Bestandteil der Wahlanalyse zur Kommunalwahl 2026 der Landeshauptstadt Wiesbaden;CSV, HTML;2026-04-20;https://opendata.cloud.wiesbaden.de/app/data-catalog/8436323e-24d3-4f48-b8c0-ad479cb35039;8436323e-24d3-4f48-b8c0-ad479cb35039;12_statistik_stadtforschung_lhw
Amt für Statistik und Stadtforschung, Landeshauptstadt Wiesbaden;SOCI;Bevölkerung und Gesellschaft;Anteile von unveränderten, kumulierten und panaschierten Stimmzetteln nach Wahlvorschlägen in Wiesbaden Rheingauviertel, Hollerborn - 2026;Bestandteil der Wahlanalyse zur Kommunalwahl 2026 der Landeshauptstadt Wiesbaden;CSV, HTML;2026-04-20;https://opendata.cloud.wiesbaden.de/app/data-catalog/d063e8fb-c019-45f0-8367-a16c616f2a4c;d063e8fb-c019-45f0-8367-a16c616f2a4c;12_statistik_stadtforschung_lhw
Amt für Statistik und Stadtforschung, Landeshauptstadt Wiesbaden;SOCI;Bevölkerung und Gesellschaft;Anteile von unveränderten, kumulierten und panaschierten Stimmzetteln nach Wahlvorschlägen in Wiesbaden Schierstein - 2026;Bestandteil der Wahlanalyse zur Kommunalwahl 2026 der Landeshauptstadt Wiesbaden;CSV, HTML;2026-04-20;https://opendata.cloud.wiesbaden.de/app/data-catalog/eb2187c4-c4b3-4324-815c-f653d928ee22;eb2187c4-c4b3-4324-815c-f653d928ee22;12_statistik_stadtforschung_lhw
Amt für Statistik und Stadtforschung, Landeshauptstadt Wiesbaden;SOCI;Bevölkerung und Gesellschaft;Anteile von unveränderten, kumulierten und panaschierten Stimmzetteln nach Wahlvorschlägen in Wiesbaden Sonnenberg - 2026;Bestandteil der Wahlanalyse zur Kommunalwahl 2026 der Landeshauptstadt Wiesbaden;CSV, HTML;2026-04-20;https://opendata.cloud.wiesbaden.de/app/data-catalog/e16438be-d622-447f-b2a8-10ccf266d4ca;e16438be-d622-447f-b2a8-10ccf266d4ca;12_statistik_stadtforschung_lhw
Amt für Statistik und Stadtforschung, Landeshauptstadt Wiesbaden;SOCI;Bevölkerung und Gesellschaft;Anteile von unveränderten, kumulierten und panaschierten Stimmzetteln nach Wahlvorschlägen in Wiesbaden Südost - 2026;Bestandteil der Wahlanalyse zur Kommunalwahl 2026 der Landeshauptstadt Wiesbaden;CSV, HTML;2026-04-20;https://opendata.cloud.wiesbaden.de/app/data-catalog/4ee1e8b8-014f-43d3-8276-a32fcf26a150;4ee1e8b8-014f-43d3-8276-a32fcf26a150;12_statistik_stadtforschung_lhw
Amt für Statistik und Stadtforschung, Landeshauptstadt Wiesbaden;SOCI;Bevölkerung und Gesellschaft;Anteile von unveränderten, kumulierten und panaschierten Stimmzetteln nach Wahlvorschlägen in Wiesbaden Westend, Bleichstraße - 2026;Bestandteil der Wahlanalyse zur Kommunalwahl 2026 der Landeshauptstadt Wiesbaden;CSV, HTML;2026-04-20;https://opendata.cloud.wiesbaden.de/app/data-catalog/5062bbe5-ac22-4538-8618-20e4fc64609e;5062bbe5-ac22-4538-8618-20e4fc64609e;12_statistik_stadtforschung_lhw
Amt für Statistik und Stadtforschung, Landeshauptstadt Wiesbaden;SOCI;Bevölkerung und Gesellschaft;Anteile von unveränderten, kumulierten und panaschierten Stimmzetteln nach Wahlvorschlägen zur Stadtverordnetenwahl in Wiesbaden - 2026;Bestandteil der Wahlanalyse zur Kommunalwahl 2026 der Landeshauptstadt Wiesbaden;CSV, HTML;2026-04-20;https://opendata.cloud.wiesbaden.de/app/data-catalog/f72ff420-afce-4089-b298-0f2c95c1d4b3;f72ff420-afce-4089-b298-0f2c95c1d4b3;12_statistik_stadtforschung_lhw
Amt für Statistik und Stadtforschung, Landeshauptstadt Wiesbaden;SOCI;Bevölkerung und Gesellschaft;Ergebnis nach Wahlvorschlägen und Ortsbezirken zur Stadtverordnetenwahl in Wiesbaden - 2026;Bestandteil der Wahlanalyse zur Kommunalwahl 2026 der Landeshauptstadt Wiesbaden;CSV, HTML;2026-04-20;https://opendata.cloud.wiesbaden.de/app/data-catalog/f6362e12-ba46-4849-b549-4de79562b1c4;f6362e12-ba46-4849-b549-4de79562b1c4;12_statistik_stadtforschung_lhw
Amt für Statistik und Stadtforschung, Landeshauptstadt Wiesbaden;SOCI;Bevölkerung und Gesellschaft;Ergebnis zu den Ausländerbeiratswahlen in Wiesbaden - 2021 und 2026;Bestandteil der Wahlanalyse zur Kommunalwahl 2026 der Landeshauptstadt Wiesbaden;CSV, HTML;2026-04-20;https://opendata.cloud.wiesbaden.de/app/data-catalog/2e47e101-0cc9-4e7d-b585-6193a8ce085a;2e47e101-0cc9-4e7d-b585-6193a8ce085a;12_statistik_stadtforschung_lhw
Amt für Statistik und Stadtforschung, Landeshauptstadt Wiesbaden;SOCI;Bevölkerung und Gesellschaft;Ergebnis zu den Ortsbeiratswahlen in Wiesbaden Amöneburg - 2021 und 2026;Bestandteil der Wahlanalyse zur Kommunalwahl 2026 der Landeshauptstadt Wiesbaden;CSV, HTML;2026-04-20;https://opendata.cloud.wiesbaden.de/app/data-catalog/6cb8b693-8c46-413f-86c4-df1e0085854a;6cb8b693-8c46-413f-86c4-df1e0085854a;12_statistik_stadtforschung_lhw
Amt für Statistik und Stadtforschung, Landeshauptstadt Wiesbaden;SOCI;Bevölkerung und Gesellschaft;Ergebnis zu den Ortsbeiratswahlen in Wiesbaden Auringen - 2021 und 2026;Bestandteil der Wahlanalyse zur Kommunalwahl 2026 der Landeshauptstadt Wiesbaden;CSV, HTML;2026-04-20;https://opendata.cloud.wiesbaden.de/app/data-catalog/e3e59730-a1c8-4fb4-b7d6-34643fe8a006;e3e59730-a1c8-4fb4-b7d6-34643fe8a006;12_statistik_stadtforschung_lhw
Amt für Statistik und Stadtforschung, Landeshauptstadt Wiesbaden;SOCI;Bevölkerung und Gesellschaft;Ergebnis zu den Ortsbeiratswahlen in Wiesbaden Biebrich - 2021 und 2026;Bestandteil der Wahlanalyse zur Kommunalwahl 2026 der Landeshauptstadt Wiesbaden;CSV, HTML;2026-04-20;https://opendata.cloud.wiesbaden.de/app/data-catalog/b011d7f3-3cca-48bf-9012-8f5358b55562;b011d7f3-3cca-48bf-9012-8f5358b55562;12_statistik_stadtforschung_lhw
Amt für Statistik und Stadtforschung, Landeshauptstadt Wiesbaden;SOCI;Bevölkerung und Gesellschaft;Ergebnis zu den Ortsbeiratswahlen in Wiesbaden Bierstadt - 2021 und 2026;Bestandteil der Wahlanalyse zur Kommunalwahl 2026 der Landeshauptstadt Wiesbaden;CSV, HTML;2026-04-20;https://opendata.cloud.wiesbaden.de/app/data-catalog/76605451-3388-4687-af03-4bc46f052103;76605451-3388-4687-af03-4bc46f052103;12_statistik_stadtforschung_lhw
Amt für Statistik und Stadtforschung, Landeshauptstadt Wiesbaden;SOCI;Bevölkerung und Gesellschaft;Ergebnis zu den Ortsbeiratswahlen in Wiesbaden Breckenheim - 2021 und 2026;Bestandteil der Wahlanalyse zur Kommunalwahl 2026 der Landeshauptstadt Wiesbaden;CSV, HTML;2026-04-20;https://opendata.cloud.wiesbaden.de/app/data-catalog/c782c3a6-a379-441e-b4a0-7512e959c90a;c782c3a6-a379-441e-b4a0-7512e959c90a;12_statistik_stadtforschung_lhw
Amt für Statistik und Stadtforschung, Landeshauptstadt Wiesbaden;SOCI;Bevölkerung und Gesellschaft;Ergebnis zu den Ortsbeiratswahlen in Wiesbaden Delkenheim- 2021 und 2026;Bestandteil der Wahlanalyse zur Kommunalwahl 2026 der Landeshauptstadt Wiesbaden;CSV, HTML;2026-04-20;https://opendata.cloud.wiesbaden.de/app/data-catalog/a7d23bc3-e157-428c-b0af-e05f797be1c9;a7d23bc3-e157-428c-b0af-e05f797be1c9;12_statistik_stadtforschung_lhw
Amt für Statistik und Stadtforschung, Landeshauptstadt Wiesbaden;SOCI;Bevölkerung und Gesellschaft;Ergebnis zu den Ortsbeiratswahlen in Wiesbaden Dotzheim- 2021 und 2026;Bestandteil der Wahlanalyse zur Kommunalwahl 2026 der Landeshauptstadt Wiesbaden;CSV, HTML;2026-04-20;https://opendata.cloud.wiesbaden.de/app/data-catalog/bb43c57f-a542-464c-bbae-a4fb4cc2d7ab;bb43c57f-a542-464c-bbae-a4fb4cc2d7ab;12_statistik_stadtforschung_lhw
Amt für Statistik und Stadtforschung, Landeshauptstadt Wiesbaden;SOCI;Bevölkerung und Gesellschaft;Ergebnis zu den Ortsbeiratswahlen in Wiesbaden Erbenheim- 2021 und 2026;Bestandteil der Wahlanalyse zur Kommunalwahl 2026 der Landeshauptstadt Wiesbaden;CSV, HTML;2026-04-20;https://opendata.cloud.wiesbaden.de/app/data-catalog/f1b9ac53-f678-47c1-a99a-96620228097a;f1b9ac53-f678-47c1-a99a-96620228097a;12_statistik_stadtforschung_lhw
Amt für Statistik und Stadtforschung, Landeshauptstadt Wiesbaden;SOCI;Bevölkerung und Gesellschaft;Ergebnis zu den Ortsbeiratswahlen in Wiesbaden Frauenstein - 2021 und 2026;Bestandteil der Wahlanalyse zur Kommunalwahl 2026 der Landeshauptstadt Wiesbaden;CSV, HTML;2026-04-20;https://opendata.cloud.wiesbaden.de/app/data-catalog/a3e14aab-3501-4cbf-ba7d-7d73630af816;a3e14aab-3501-4cbf-ba7d-7d73630af816;12_statistik_stadtforschung_lhw
Amt für Statistik und Stadtforschung, Landeshauptstadt Wiesbaden;SOCI;Bevölkerung und Gesellschaft;Ergebnis zu den Ortsbeiratswahlen in Wiesbaden Heßloch - 2021 und 2026;Bestandteil der Wahlanalyse zur Kommunalwahl 2026 der Landeshauptstadt Wiesbaden;CSV, HTML;2026-04-20;https://opendata.cloud.wiesbaden.de/app/data-catalog/a03d578f-5ca9-4cab-a528-f953684575e9;a03d578f-5ca9-4cab-a528-f953684575e9;12_statistik_stadtforschung_lhw
Amt für Statistik und Stadtforschung, Landeshauptstadt Wiesbaden;SOCI;Bevölkerung und Gesellschaft;Ergebnis zu den Ortsbeiratswahlen in Wiesbaden Igstadt - 2021 und 2026;Bestandteil der Wahlanalyse zur Kommunalwahl 2026 der Landeshauptstadt Wiesbaden;CSV, HTML;2026-04-20;https://opendata.cloud.wiesbaden.de/app/data-catalog/042932ec-ba57-4f3f-9a89-2781ffbcc320;042932ec-ba57-4f3f-9a89-2781ffbcc320;12_statistik_stadtforschung_lhw
Amt für Statistik und Stadtforschung, Landeshauptstadt Wiesbaden;SOCI;Bevölkerung und Gesellschaft;Ergebnis zu den Ortsbeiratswahlen in Wiesbaden Kastel - 2021 und 2026;Bestandteil der Wahlanalyse zur Kommunalwahl 2026 der Landeshauptstadt Wiesbaden;CSV, HTML;2026-04-20;https://opendata.cloud.wiesbaden.de/app/data-catalog/777259a5-e9eb-413f-a063-2969a08196fe;777259a5-e9eb-413f-a063-2969a08196fe;12_statistik_stadtforschung_lhw
Amt für Statistik und Stadtforschung, Landeshauptstadt Wiesbaden;SOCI;Bevölkerung und Gesellschaft;Ergebnis zu den Ortsbeiratswahlen in Wiesbaden Klarenthal - 2021 und 2026;Bestandteil der Wahlanalyse zur Kommunalwahl 2026 der Landeshauptstadt Wiesbaden;CSV, HTML;2026-04-20;https://opendata.cloud.wiesbaden.de/app/data-catalog/18fbe540-2f6a-49e4-8dc3-3f36fb76467a;18fbe540-2f6a-49e4-8dc3-3f36fb76467a;12_statistik_stadtforschung_lhw
Amt für Statistik und Stadtforschung, Landeshauptstadt Wiesbaden;SOCI;Bevölkerung und Gesellschaft;Ergebnis zu den Ortsbeiratswahlen in Wiesbaden Kloppenheim - 2021 und 2026;Bestandteil der Wahlanalyse zur Kommunalwahl 2026 der Landeshauptstadt Wiesbaden;CSV, HTML;2026-04-20;https://opendata.cloud.wiesbaden.de/app/data-catalog/b5d16890-f1df-451b-9ba5-9ff16218a11c;b5d16890-f1df-451b-9ba5-9ff16218a11c;12_statistik_stadtforschung_lhw
Amt für Statistik und Stadtforschung, Landeshauptstadt Wiesbaden;SOCI;Bevölkerung und Gesellschaft;Ergebnis zu den Ortsbeiratswahlen in Wiesbaden Kostheim - 2021 und 2026;Bestandteil der Wahlanalyse zur Kommunalwahl 2026 der Landeshauptstadt Wiesbaden;CSV, HTML;2026-04-20;https://opendata.cloud.wiesbaden.de/app/data-catalog/c78f47ad-fe05-424d-85b4-6e015ed7ac2f;c78f47ad-fe05-424d-85b4-6e015ed7ac2f;12_statistik_stadtforschung_lhw
Amt für Statistik und Stadtforschung, Landeshauptstadt Wiesbaden;SOCI;Bevölkerung und Gesellschaft;Ergebnis zu den Ortsbeiratswahlen in Wiesbaden Medenbach - 2021 und 2026;Bestandteil der Wahlanalyse zur Kommunalwahl 2026 der Landeshauptstadt Wiesbaden;CSV, HTML;2026-04-20;https://opendata.cloud.wiesbaden.de/app/data-catalog/f14eae46-3826-4643-9fff-32c4f8e07f28;f14eae46-3826-4643-9fff-32c4f8e07f28;12_statistik_stadtforschung_lhw
Amt für Statistik und Stadtforschung, Landeshauptstadt Wiesbaden;SOCI;Bevölkerung und Gesellschaft;Ergebnis zu den Ortsbeiratswahlen in Wiesbaden Mitte - 2021 und 2026;Bestandteil der Wahlanalyse zur Kommunalwahl 2026 der Landeshauptstadt Wiesbaden;CSV, HTML;2026-04-20;https://opendata.cloud.wiesbaden.de/app/data-catalog/ff512ed2-80bb-4f31-ac49-cd024b9a42ac;ff512ed2-80bb-4f31-ac49-cd024b9a42ac;12_statistik_stadtforschung_lhw
Amt für Statistik und Stadtforschung, Landeshauptstadt Wiesbaden;SOCI;Bevölkerung und Gesellschaft;Ergebnis zu den Ortsbeiratswahlen in Wiesbaden Naurod - 2021 und 2026;Bestandteil der Wahlanalyse zur Kommunalwahl 2026 der Landeshauptstadt Wiesbaden;CSV, HTML;2026-04-20;https://opendata.cloud.wiesbaden.de/app/data-catalog/c209b91e-ca14-4d9e-98fe-6079198581c4;c209b91e-ca14-4d9e-98fe-6079198581c4;12_statistik_stadtforschung_lhw
Amt für Statistik und Stadtforschung, Landeshauptstadt Wiesbaden;SOCI;Bevölkerung und Gesellschaft;Ergebnis zu den Ortsbeiratswahlen in Wiesbaden Nordenstadt - 2021 und 2026;Bestandteil der Wahlanalyse zur Kommunalwahl 2026 der Landeshauptstadt Wiesbaden;CSV, HTML;2026-04-20;https://opendata.cloud.wiesbaden.de/app/data-catalog/ca7385e7-caae-4540-a5c2-472549d1e05a;ca7385e7-caae-4540-a5c2-472549d1e05a;12_statistik_stadtforschung_lhw
Amt für Statistik und Stadtforschung, Landeshauptstadt Wiesbaden;SOCI;Bevölkerung und Gesellschaft;Ergebnis zu den Ortsbeiratswahlen in Wiesbaden Nordost - 2021 und 2026;Bestandteil der Wahlanalyse zur Kommunalwahl 2026 der Landeshauptstadt Wiesbaden;CSV, HTML;2026-04-20;https://opendata.cloud.wiesbaden.de/app/data-catalog/e664abda-0893-44d2-aeec-9b672b1e5f6d;e664abda-0893-44d2-aeec-9b672b1e5f6d;12_statistik_stadtforschung_lhw
Amt für Statistik und Stadtforschung, Landeshauptstadt Wiesbaden;SOCI;Bevölkerung und Gesellschaft;Ergebnis zu den Ortsbeiratswahlen in Wiesbaden Rambach - 2021 und 2026;Bestandteil der Wahlanalyse zur Kommunalwahl 2026 der Landeshauptstadt Wiesbaden;CSV, HTML;2026-04-20;https://opendata.cloud.wiesbaden.de/app/data-catalog/8992353f-87f0-4eca-a042-137e0d61a23b;8992353f-87f0-4eca-a042-137e0d61a23b;12_statistik_stadtforschung_lhw
Amt für Statistik und Stadtforschung, Landeshauptstadt Wiesbaden;SOCI;Bevölkerung und Gesellschaft;Ergebnis zu den Ortsbeiratswahlen in Wiesbaden Rheingauviertel, Hollerborn - 2021 und 2026;Bestandteil der Wahlanalyse zur Kommunalwahl 2026 der Landeshauptstadt Wiesbaden;CSV, HTML;2026-04-20;https://opendata.cloud.wiesbaden.de/app/data-catalog/dcb8054a-d839-49de-8230-2b8497f5a7ba;dcb8054a-d839-49de-8230-2b8497f5a7ba;12_statistik_stadtforschung_lhw
Amt für Statistik und Stadtforschung, Landeshauptstadt Wiesbaden;SOCI;Bevölkerung und Gesellschaft;Ergebnis zu den Ortsbeiratswahlen in Wiesbaden Schierstein - 2021 und 2026;Bestandteil der Wahlanalyse zur Kommunalwahl 2026 der Landeshauptstadt Wiesbaden;CSV, HTML;2026-04-20;https://opendata.cloud.wiesbaden.de/app/data-catalog/8543fb25-9e67-43c3-944c-bb60c6c9c6bb;8543fb25-9e67-43c3-944c-bb60c6c9c6bb;12_statistik_stadtforschung_lhw
Amt für Statistik und Stadtforschung, Landeshauptstadt Wiesbaden;SOCI;Bevölkerung und Gesellschaft;Ergebnis zu den Ortsbeiratswahlen in Wiesbaden Sonnenberg - 2021 und 2026;Bestandteil der Wahlanalyse zur Kommunalwahl 2026 der Landeshauptstadt Wiesbaden;CSV, HTML;2026-04-20;https://opendata.cloud.wiesbaden.de/app/data-catalog/cddc3c46-d376-4241-bc7a-0221d685bffc;cddc3c46-d376-4241-bc7a-0221d685bffc;12_statistik_stadtforschung_lhw
Amt für Statistik und Stadtforschung, Landeshauptstadt Wiesbaden;SOCI;Bevölkerung und Gesellschaft;Ergebnis zu den Ortsbeiratswahlen in Wiesbaden Südost - 2021 und 2026;Bestandteil der Wahlanalyse zur Kommunalwahl 2026 der Landeshauptstadt Wiesbaden;CSV, HTML;2026-04-20;https://opendata.cloud.wiesbaden.de/app/data-catalog/d4ae8498-a808-4103-99ec-b0b45a1648f3;d4ae8498-a808-4103-99ec-b0b45a1648f3;12_statistik_stadtforschung_lhw
Amt für Statistik und Stadtforschung, Landeshauptstadt Wiesbaden;SOCI;Bevölkerung und Gesellschaft;Ergebnis zu den Ortsbeiratswahlen in Wiesbaden Westend, Bleichstraße - 2021 und 2026;Bestandteil der Wahlanalyse zur Kommunalwahl 2026 der Landeshauptstadt Wiesbaden;CSV, HTML;2026-04-20;https://opendata.cloud.wiesbaden.de/app/data-catalog/80bc160b-29d0-4f45-8ca6-9edea4ad9216;80bc160b-29d0-4f45-8ca6-9edea4ad9216;12_statistik_stadtforschung_lhw
Amt für Statistik und Stadtforschung, Landeshauptstadt Wiesbaden;SOCI;Bevölkerung und Gesellschaft;Ergebnis zur Stadtverordnetenwahl in Wiesbaden - 2021 und 2026;Bestandteil der Wahlanalyse zur Kommunalwahl 2026 der Landeshauptstadt Wiesbaden;CSV, HTML;2026-04-20;https://opendata.cloud.wiesbaden.de/app/data-catalog/bf1812f6-1e21-4051-af7d-e3481d306b4b;bf1812f6-1e21-4051-af7d-e3481d306b4b;12_statistik_stadtforschung_lhw
Amt für Statistik und Stadtforschung, Landeshauptstadt Wiesbaden;SOCI;Bevölkerung und Gesellschaft;Gewählte Kandidierende nach Wahlvorschlägen und Stimmen zu den Ortsbeiratswahlen in Wiesbaden Amöneburg - 2026;Bestandteil der Wahlanalyse zur Kommunalwahl 2026 der Landeshauptstadt Wiesbaden;CSV, HTML;2026-04-20;https://opendata.cloud.wiesbaden.de/app/data-catalog/3396d1cc-0d37-4cb8-a399-7c3f505b8a9d;3396d1cc-0d37-4cb8-a399-7c3f505b8a9d;12_statistik_stadtforschung_lhw
Amt für Statistik und Stadtforschung, Landeshauptstadt Wiesbaden;SOCI;Bevölkerung und Gesellschaft;Gewählte Kandidierende nach Wahlvorschlägen und Stimmen zu den Ortsbeiratswahlen in Wiesbaden Auringen - 2026;Bestandteil der Wahlanalyse zur Kommunalwahl 2026 der Landeshauptstadt Wiesbaden;CSV, HTML;2026-04-20;https://opendata.cloud.wiesbaden.de/app/data-catalog/97135ef1-ddfe-4219-9f60-90cd58aa975f;97135ef1-ddfe-4219-9f60-90cd58aa975f;12_statistik_stadtforschung_lhw
Amt für Statistik und Stadtforschung, Landeshauptstadt Wiesbaden;SOCI;Bevölkerung und Gesellschaft;Gewählte Kandidierende nach Wahlvorschlägen und Stimmen zu den Ortsbeiratswahlen in Wiesbaden Biebrich - 2026;Bestandteil der Wahlanalyse zur Kommunalwahl 2026 der Landeshauptstadt Wiesbaden;CSV, HTML;2026-04-20;https://opendata.cloud.wiesbaden.de/app/data-catalog/4617fbcd-91a3-488e-a92b-8422eccb97ac;4617fbcd-91a3-488e-a92b-8422eccb97ac;12_statistik_stadtforschung_lhw
Amt für Statistik und Stadtforschung, Landeshauptstadt Wiesbaden;SOCI;Bevölkerung und Gesellschaft;Gewählte Kandidierende nach Wahlvorschlägen und Stimmen zu den Ortsbeiratswahlen in Wiesbaden Bierstadt - 2026;Bestandteil der Wahlanalyse zur Kommunalwahl 2026 der Landeshauptstadt Wiesbaden;CSV, HTML;2026-04-20;https://opendata.cloud.wiesbaden.de/app/data-catalog/41f4372b-9fa9-43fd-9724-01f26a2c3535;41f4372b-9fa9-43fd-9724-01f26a2c3535;12_statistik_stadtforschung_lhw
Amt für Statistik und Stadtforschung, Landeshauptstadt Wiesbaden;SOCI;Bevölkerung und Gesellschaft;Gewählte Kandidierende nach Wahlvorschlägen und Stimmen zu den Ortsbeiratswahlen in Wiesbaden Breckenheim - 2026;Bestandteil der Wahlanalyse zur Kommunalwahl 2026 der Landeshauptstadt Wiesbaden;CSV, HTML;2026-04-20;https://opendata.cloud.wiesbaden.de/app/data-catalog/047a7652-e254-4a28-86eb-2ff76d1b2781;047a7652-e254-4a28-86eb-2ff76d1b2781;12_statistik_stadtforschung_lhw
Amt für Statistik und Stadtforschung, Landeshauptstadt Wiesbaden;SOCI;Bevölkerung und Gesellschaft;Gewählte Kandidierende nach Wahlvorschlägen und Stimmen zu den Ortsbeiratswahlen in Wiesbaden Delkenheim - 2026;Bestandteil der Wahlanalyse zur Kommunalwahl 2026 der Landeshauptstadt Wiesbaden;CSV, HTML;2026-04-20;https://opendata.cloud.wiesbaden.de/app/data-catalog/6760b628-3985-4191-b604-d636f9d2c273;6760b628-3985-4191-b604-d636f9d2c273;12_statistik_stadtforschung_lhw
Amt für Statistik und Stadtforschung, Landeshauptstadt Wiesbaden;SOCI;Bevölkerung und Gesellschaft;Gewählte Kandidierende nach Wahlvorschlägen und Stimmen zu den Ortsbeiratswahlen in Wiesbaden Dotzheim - 2026;Bestandteil der Wahlanalyse zur Kommunalwahl 2026 der Landeshauptstadt Wiesbaden;CSV, HTML;2026-04-20;https://opendata.cloud.wiesbaden.de/app/data-catalog/0e1e171d-18a3-447f-858c-38cc43234ed8;0e1e171d-18a3-447f-858c-38cc43234ed8;12_statistik_stadtforschung_lhw
Amt für Statistik und Stadtforschung, Landeshauptstadt Wiesbaden;SOCI;Bevölkerung und Gesellschaft;Gewählte Kandidierende nach Wahlvorschlägen und Stimmen zu den Ortsbeiratswahlen in Wiesbaden Erbenheim - 2026;Bestandteil der Wahlanalyse zur Kommunalwahl 2026 der Landeshauptstadt Wiesbaden;CSV, HTML;2026-04-20;https://opendata.cloud.wiesbaden.de/app/data-catalog/7ed37516-8a45-46d7-b75e-d7003e1c8bd4;7ed37516-8a45-46d7-b75e-d7003e1c8bd4;12_statistik_stadtforschung_lhw
Amt für Statistik und Stadtforschung, Landeshauptstadt Wiesbaden;SOCI;Bevölkerung und Gesellschaft;Gewählte Kandidierende nach Wahlvorschlägen und Stimmen zu den Ortsbeiratswahlen in Wiesbaden Frauenstein - 2026;Bestandteil der Wahlanalyse zur Kommunalwahl 2026 der Landeshauptstadt Wiesbaden;CSV, HTML;2026-04-20;https://opendata.cloud.wiesbaden.de/app/data-catalog/3248cdf2-e675-4b02-aa2f-973ee5e9a728;3248cdf2-e675-4b02-aa2f-973ee5e9a728;12_statistik_stadtforschung_lhw
Amt für Statistik und Stadtforschung, Landeshauptstadt Wiesbaden;SOCI;Bevölkerung und Gesellschaft;Gewählte Kandidierende nach Wahlvorschlägen und Stimmen zu den Ortsbeiratswahlen in Wiesbaden Heßloch - 2026;Bestandteil der Wahlanalyse zur Kommunalwahl 2026 der Landeshauptstadt Wiesbaden;CSV, HTML;2026-04-20;https://opendata.cloud.wiesbaden.de/app/data-catalog/60085cee-de3b-4849-a1dd-cd932ddc3ef5;60085cee-de3b-4849-a1dd-cd932ddc3ef5;12_statistik_stadtforschung_lhw
Amt für Statistik und Stadtforschung, Landeshauptstadt Wiesbaden;SOCI;Bevölkerung und Gesellschaft;Gewählte Kandidierende nach Wahlvorschlägen und Stimmen zu den Ortsbeiratswahlen in Wiesbaden Igstadt - 2026;Bestandteil der Wahlanalyse zur Kommunalwahl 2026 der Landeshauptstadt Wiesbaden;CSV, HTML;2026-04-20;https://opendata.cloud.wiesbaden.de/app/data-catalog/9899c0b3-2308-4c00-8b92-c437f3421906;9899c0b3-2308-4c00-8b92-c437f3421906;12_statistik_stadtforschung_lhw
Amt für Statistik und Stadtforschung, Landeshauptstadt Wiesbaden;SOCI;Bevölkerung und Gesellschaft;Gewählte Kandidierende nach Wahlvorschlägen und Stimmen zu den Ortsbeiratswahlen in Wiesbaden Kastel - 2026;Bestandteil der Wahlanalyse zur Kommunalwahl 2026 der Landeshauptstadt Wiesbaden;CSV, HTML;2026-04-20;https://opendata.cloud.wiesbaden.de/app/data-catalog/eb8a9929-bddd-4dce-b046-cd4be3629df0;eb8a9929-bddd-4dce-b046-cd4be3629df0;12_statistik_stadtforschung_lhw
Amt für Statistik und Stadtforschung, Landeshauptstadt Wiesbaden;SOCI;Bevölkerung und Gesellschaft;Gewählte Kandidierende nach Wahlvorschlägen und Stimmen zu den Ortsbeiratswahlen in Wiesbaden Klarenthal - 2026;Bestandteil der Wahlanalyse zur Kommunalwahl 2026 der Landeshauptstadt Wiesbaden;CSV, HTML;2026-04-20;https://opendata.cloud.wiesbaden.de/app/data-catalog/5e6c0b1d-b535-4599-90bf-2f061c65c0ab;5e6c0b1d-b535-4599-90bf-2f061c65c0ab;12_statistik_stadtforschung_lhw
Amt für Statistik und Stadtforschung, Landeshauptstadt Wiesbaden;SOCI;Bevölkerung und Gesellschaft;Gewählte Kandidierende nach Wahlvorschlägen und Stimmen zu den Ortsbeiratswahlen in Wiesbaden Kloppenheim - 2026;Bestandteil der Wahlanalyse zur Kommunalwahl 2026 der Landeshauptstadt Wiesbaden;CSV, HTML;2026-04-20;https://opendata.cloud.wiesbaden.de/app/data-catalog/2825bae9-5817-4acf-b923-4e7a1e153c53;2825bae9-5817-4acf-b923-4e7a1e153c53;12_statistik_stadtforschung_lhw
Amt für Statistik und Stadtforschung, Landeshauptstadt Wiesbaden;SOCI;Bevölkerung und Gesellschaft;Gewählte Kandidierende nach Wahlvorschlägen und Stimmen zu den Ortsbeiratswahlen in Wiesbaden Kostheim - 2026;Bestandteil der Wahlanalyse zur Kommunalwahl 2026 der Landeshauptstadt Wiesbaden;CSV, HTML;2026-04-20;https://opendata.cloud.wiesbaden.de/app/data-catalog/50657890-6db3-42f5-84a9-0cacf84264cb;50657890-6db3-42f5-84a9-0cacf84264cb;12_statistik_stadtforschung_lhw
Amt für Statistik und Stadtforschung, Landeshauptstadt Wiesbaden;SOCI;Bevölkerung und Gesellschaft;Gewählte Kandidierende nach Wahlvorschlägen und Stimmen zu den Ortsbeiratswahlen in Wiesbaden Medenbach - 2026;Bestandteil der Wahlanalyse zur Kommunalwahl 2026 der Landeshauptstadt Wiesbaden;CSV, HTML;2026-04-20;https://opendata.cloud.wiesbaden.de/app/data-catalog/0fa34c7f-16bc-4eb3-82c3-3931e795f1d0;0fa34c7f-16bc-4eb3-82c3-3931e795f1d0;12_statistik_stadtforschung_lhw
Amt für Statistik und Stadtforschung, Landeshauptstadt Wiesbaden;SOCI;Bevölkerung und Gesellschaft;Gewählte Kandidierende nach Wahlvorschlägen und Stimmen zu den Ortsbeiratswahlen in Wiesbaden Mitte - 2026;Bestandteil der Wahlanalyse zur Kommunalwahl 2026 der Landeshauptstadt Wiesbaden;CSV, HTML;2026-04-20;https://opendata.cloud.wiesbaden.de/app/data-catalog/fc82c78e-abaf-4499-803a-ec409ffddcbc;fc82c78e-abaf-4499-803a-ec409ffddcbc;12_statistik_stadtforschung_lhw
Amt für Statistik und Stadtforschung, Landeshauptstadt Wiesbaden;SOCI;Bevölkerung und Gesellschaft;Gewählte Kandidierende nach Wahlvorschlägen und Stimmen zu den Ortsbeiratswahlen in Wiesbaden Naurod - 2026;Bestandteil der Wahlanalyse zur Kommunalwahl 2026 der Landeshauptstadt Wiesbaden;CSV, HTML;2026-04-20;https://opendata.cloud.wiesbaden.de/app/data-catalog/538023e8-4c83-4c98-81bb-8ef89ab61964;538023e8-4c83-4c98-81bb-8ef89ab61964;12_statistik_stadtforschung_lhw
Amt für Statistik und Stadtforschung, Landeshauptstadt Wiesbaden;SOCI;Bevölkerung und Gesellschaft;Gewählte Kandidierende nach Wahlvorschlägen und Stimmen zu den Ortsbeiratswahlen in Wiesbaden Nordenstadt - 2026;Bestandteil der Wahlanalyse zur Kommunalwahl 2026 der Landeshauptstadt Wiesbaden;CSV, HTML;2026-04-20;https://opendata.cloud.wiesbaden.de/app/data-catalog/54307b72-d1f1-4a55-a0db-8c015205f5c4;54307b72-d1f1-4a55-a0db-8c015205f5c4;12_statistik_stadtforschung_lhw
Amt für Statistik und Stadtforschung, Landeshauptstadt Wiesbaden;SOCI;Bevölkerung und Gesellschaft;Gewählte Kandidierende nach Wahlvorschlägen und Stimmen zu den Ortsbeiratswahlen in Wiesbaden Nordost - 2026;Bestandteil der Wahlanalyse zur Kommunalwahl 2026 der Landeshauptstadt Wiesbaden;CSV, HTML;2026-04-20;https://opendata.cloud.wiesbaden.de/app/data-catalog/3e64724e-7266-42f3-aacd-9408839bd167;3e64724e-7266-42f3-aacd-9408839bd167;12_statistik_stadtforschung_lhw
Amt für Statistik und Stadtforschung, Landeshauptstadt Wiesbaden;SOCI;Bevölkerung und Gesellschaft;Gewählte Kandidierende nach Wahlvorschlägen und Stimmen zu den Ortsbeiratswahlen in Wiesbaden Rambach - 2026;Bestandteil der Wahlanalyse zur Kommunalwahl 2026 der Landeshauptstadt Wiesbaden;CSV, HTML;2026-04-20;https://opendata.cloud.wiesbaden.de/app/data-catalog/ed9f5d34-7320-40b5-b49d-e235a5a2f890;ed9f5d34-7320-40b5-b49d-e235a5a2f890;12_statistik_stadtforschung_lhw
Amt für Statistik und Stadtforschung, Landeshauptstadt Wiesbaden;SOCI;Bevölkerung und Gesellschaft;Gewählte Kandidierende nach Wahlvorschlägen und Stimmen zu den Ortsbeiratswahlen in Wiesbaden Rheingauviertel, Hollerborn - 2026;Bestandteil der Wahlanalyse zur Kommunalwahl 2026 der Landeshauptstadt Wiesbaden;CSV, HTML;2026-04-20;https://opendata.cloud.wiesbaden.de/app/data-catalog/dea59375-cf8e-423b-a4f2-60762f37b826;dea59375-cf8e-423b-a4f2-60762f37b826;12_statistik_stadtforschung_lhw
Amt für Statistik und Stadtforschung, Landeshauptstadt Wiesbaden;SOCI;Bevölkerung und Gesellschaft;Gewählte Kandidierende nach Wahlvorschlägen und Stimmen zu den Ortsbeiratswahlen in Wiesbaden Schierstein - 2026;Bestandteil der Wahlanalyse zur Kommunalwahl 2026 der Landeshauptstadt Wiesbaden;CSV, HTML;2026-04-20;https://opendata.cloud.wiesbaden.de/app/data-catalog/dff74528-0494-4874-828b-cbf4c7b326e9;dff74528-0494-4874-828b-cbf4c7b326e9;12_statistik_stadtforschung_lhw
Amt für Statistik und Stadtforschung, Landeshauptstadt Wiesbaden;SOCI;Bevölkerung und Gesellschaft;Gewählte Kandidierende nach Wahlvorschlägen und Stimmen zu den Ortsbeiratswahlen in Wiesbaden Sonnenberg - 2026;Bestandteil der Wahlanalyse zur Kommunalwahl 2026 der Landeshauptstadt Wiesbaden;CSV, HTML;2026-04-20;https://opendata.cloud.wiesbaden.de/app/data-catalog/8ce0dacf-4f0f-4c6f-824c-a39e5c81bba3;8ce0dacf-4f0f-4c6f-824c-a39e5c81bba3;12_statistik_stadtforschung_lhw
Amt für Statistik und Stadtforschung, Landeshauptstadt Wiesbaden;SOCI;Bevölkerung und Gesellschaft;Gewählte Kandidierende nach Wahlvorschlägen und Stimmen zu den Ortsbeiratswahlen in Wiesbaden Südost - 2026;Bestandteil der Wahlanalyse zur Kommunalwahl 2026 der Landeshauptstadt Wiesbaden;CSV, HTML;2026-04-20;https://opendata.cloud.wiesbaden.de/app/data-catalog/812845f4-2fc8-425f-859e-667eac61aed6;812845f4-2fc8-425f-859e-667eac61aed6;12_statistik_stadtforschung_lhw
Amt für Statistik und Stadtforschung, Landeshauptstadt Wiesbaden;SOCI;Bevölkerung und Gesellschaft;Gewählte Kandidierende nach Wahlvorschlägen und Stimmen zu den Ortsbeiratswahlen in Wiesbaden Westend, Bleichstraße - 2026;Bestandteil der Wahlanalyse zur Kommunalwahl 2026 der Landeshauptstadt Wiesbaden;CSV, HTML;2026-04-20;https://opendata.cloud.wiesbaden.de/app/data-catalog/1b9ded39-16ed-4544-91e2-f4b132ca8450;1b9ded39-16ed-4544-91e2-f4b132ca8450;12_statistik_stadtforschung_lhw
Amt für Statistik und Stadtforschung, Landeshauptstadt Wiesbaden;SOCI;Bevölkerung und Gesellschaft;Gültige Briefwahlstimmzettel zur Stadtverordnetenwahl - 2021 und 2026;Bestandteil der Wahlanalyse zur Kommunalwahl 2026 der Landeshauptstadt Wiesbaden;CSV, HTML;2026-04-20;https://opendata.cloud.wiesbaden.de/app/data-catalog/6da65147-e925-4509-bd3a-4dc03e9009fa;6da65147-e925-4509-bd3a-4dc03e9009fa;12_statistik_stadtforschung_lhw
Amt für Statistik und Stadtforschung, Landeshauptstadt Wiesbaden;SOCI;Bevölkerung und Gesellschaft;Gültige Stimmzettel zur Stadtverordnetenwahl - 2021 und 2026;Bestandteil der Wahlanalyse zur Kommunalwahl 2026 der Landeshauptstadt Wiesbaden;CSV, HTML;2026-04-20;https://opendata.cloud.wiesbaden.de/app/data-catalog/e54cd96d-8292-448d-b750-60461bb76b3c;e54cd96d-8292-448d-b750-60461bb76b3c;12_statistik_stadtforschung_lhw
Amt für Statistik und Stadtforschung, Landeshauptstadt Wiesbaden;SOCI;Bevölkerung und Gesellschaft;Gültige Urnenwahlstimmzettel zur Stadtverordnetenwahl - 2021 und 2026;Bestandteil der Wahlanalyse zur Kommunalwahl 2026 der Landeshauptstadt Wiesbaden;CSV, HTML;2026-04-20;https://opendata.cloud.wiesbaden.de/app/data-catalog/94fa6749-89e9-4f39-8d04-8146d2c593e7;94fa6749-89e9-4f39-8d04-8146d2c593e7;12_statistik_stadtforschung_lhw
Amt für Statistik und Stadtforschung, Landeshauptstadt Wiesbaden;SOCI;Bevölkerung und Gesellschaft;Kurzinfo Bevölkerungsbestand nach Ortsbezirken in Wiesbaden - April 2026;Aktuelle Statistikdaten zum Thema Bevölkerungsbestand;CSV, JSON, XLSX;2026-05-19;https://opendata.cloud.wiesbaden.de/app/data-catalog/4ca761e9-da13-4285-9581-e5b1c94cafd0;4ca761e9-da13-4285-9581-e5b1c94cafd0;12_statistik_stadtforschung_lhw
Amt für Statistik und Stadtforschung, Landeshauptstadt Wiesbaden;SOCI;Bevölkerung und Gesellschaft;Kurzinfo Bevölkerungsbestand nach Ortsbezirken in Wiesbaden - Februar 2026;Aktuelle Statistikdaten zum Thema Bevölkerungsbestand;CSV, JSON, XLSX;2026-05-19;https://opendata.cloud.wiesbaden.de/app/data-catalog/1412436b-f2cb-4037-9f14-1da07ddf7aaf;1412436b-f2cb-4037-9f14-1da07ddf7aaf;12_statistik_stadtforschung_lhw
Amt für Statistik und Stadtforschung, Landeshauptstadt Wiesbaden;SOCI;Bevölkerung und Gesellschaft;Kurzinfo Bevölkerungsbestand nach Ortsbezirken in Wiesbaden - Mai 2026;Aktuelle Statistikdaten zum Thema Bevölkerungsbestand;CSV, JSON, XLSX;2026-06-01;https://opendata.cloud.wiesbaden.de/app/data-catalog/465cb7a9-9e89-4c03-bf33-c494576a5ee0;465cb7a9-9e89-4c03-bf33-c494576a5ee0;12_statistik_stadtforschung_lhw
Amt für Statistik und Stadtforschung, Landeshauptstadt Wiesbaden;SOCI;Bevölkerung und Gesellschaft;Kurzinfo Bevölkerungsbestand nach Ortsbezirken in Wiesbaden - März 2026;Aktuelle Statistikdaten zum Thema Bevölkerungsbestand;CSV, JSON, XLSX;2026-05-19;https://opendata.cloud.wiesbaden.de/app/data-catalog/aae2c082-1062-44f0-802b-da4a94bf8ad3;aae2c082-1062-44f0-802b-da4a94bf8ad3;12_statistik_stadtforschung_lhw
Amt für Statistik und Stadtforschung, Landeshauptstadt Wiesbaden;SOCI;Bevölkerung und Gesellschaft;Kurzinfo Bevölkerungsbestand nach Wahlbezirken in Wiesbaden - April 2026;Aktuelle Statistikdaten zum Thema Bevölkerungsbestand;CSV, JSON, XLSX;2026-05-19;https://opendata.cloud.wiesbaden.de/app/data-catalog/8a926825-5147-4ee6-9d40-c6163057073c;8a926825-5147-4ee6-9d40-c6163057073c;12_statistik_stadtforschung_lhw
Amt für Statistik und Stadtforschung, Landeshauptstadt Wiesbaden;SOCI;Bevölkerung und Gesellschaft;Kurzinfo Bevölkerungsbestand nach Wahlbezirken in Wiesbaden - Februar 2026;Aktuelle Statistikdaten zum Thema Bevölkerungsbestand;CSV, JSON, XLSX;2026-05-19;https://opendata.cloud.wiesbaden.de/app/data-catalog/e7d7e158-3b02-4bfe-823e-08fafd379231;e7d7e158-3b02-4bfe-823e-08fafd379231;12_statistik_stadtforschung_lhw
Amt für Statistik und Stadtforschung, Landeshauptstadt Wiesbaden;SOCI;Bevölkerung und Gesellschaft;Kurzinfo Bevölkerungsbestand nach Wahlbezirken in Wiesbaden - Mai 2026;Aktuelle Statistikdaten zum Thema Bevölkerungsbestand;CSV, JSON, XLSX;2026-06-01;https://opendata.cloud.wiesbaden.de/app/data-catalog/7369a2a9-7767-4651-8a46-16059f92aee9;7369a2a9-7767-4651-8a46-16059f92aee9;12_statistik_stadtforschung_lhw
Amt für Statistik und Stadtforschung, Landeshauptstadt Wiesbaden;SOCI;Bevölkerung und Gesellschaft;Kurzinfo Bevölkerungsbestand nach Wahlbezirken in Wiesbaden - März 2026;Aktuelle Statistikdaten zum Thema Bevölkerungsbestand;CSV, JSON, XLSX;2026-05-19;https://opendata.cloud.wiesbaden.de/app/data-catalog/3b53cb56-3216-4211-bd82-d433396a0b26;3b53cb56-3216-4211-bd82-d433396a0b26;12_statistik_stadtforschung_lhw
Amt für Statistik und Stadtforschung, Landeshauptstadt Wiesbaden;SOCI;Bevölkerung und Gesellschaft;Kurzinfo Durchschnittsalter nach Ortsbezirken in Wiesbaden - April 2026;Aktuelle Statistikdaten zum Thema Durchschnittsalter;CSV, JSON, XLSX;2026-05-19;https://opendata.cloud.wiesbaden.de/app/data-catalog/721a6235-4775-4b9e-8e58-c029f1312984;721a6235-4775-4b9e-8e58-c029f1312984;12_statistik_stadtforschung_lhw
Amt für Statistik und Stadtforschung, Landeshauptstadt Wiesbaden;SOCI;Bevölkerung und Gesellschaft;Kurzinfo Durchschnittsalter nach Ortsbezirken in Wiesbaden - Dezember 2025;Aktuelle Statistikdaten zum Thema Durchschnittsalter;CSV, JSON, XLSX;2026-05-21;https://opendata.cloud.wiesbaden.de/app/data-catalog/4a082d28-3c70-427e-bf15-c8212ab924d6;4a082d28-3c70-427e-bf15-c8212ab924d6;12_statistik_stadtforschung_lhw
Amt für Statistik und Stadtforschung, Landeshauptstadt Wiesbaden;SOCI;Bevölkerung und Gesellschaft;Kurzinfo Durchschnittsalter nach Ortsbezirken in Wiesbaden - Februar 2026;Aktuelle Statistikdaten zum Thema Durchschnittsalter;CSV, JSON, XLSX;2026-05-19;https://opendata.cloud.wiesbaden.de/app/data-catalog/6f4f8028-4992-4dab-8f08-f9d1b104bac8;6f4f8028-4992-4dab-8f08-f9d1b104bac8;12_statistik_stadtforschung_lhw
Amt für Statistik und Stadtforschung, Landeshauptstadt Wiesbaden;SOCI;Bevölkerung und Gesellschaft;Kurzinfo Durchschnittsalter nach Ortsbezirken in Wiesbaden - Mai 2026;Aktuelle Statistikdaten zum Thema Durchschnittsalter;CSV, JSON, XLSX;2026-06-01;https://opendata.cloud.wiesbaden.de/app/data-catalog/f3607bc5-1af4-402b-a139-79f65937ea47;f3607bc5-1af4-402b-a139-79f65937ea47;12_statistik_stadtforschung_lhw
Amt für Statistik und Stadtforschung, Landeshauptstadt Wiesbaden;SOCI;Bevölkerung und Gesellschaft;Kurzinfo Durchschnittsalter nach Ortsbezirken in Wiesbaden - März 2026;Aktuelle Statistikdaten zum Thema Durchschnittsalter;CSV, JSON, XLSX;2026-05-19;https://opendata.cloud.wiesbaden.de/app/data-catalog/7136f4d9-1d98-42d7-9f4c-ac16a34fff97;7136f4d9-1d98-42d7-9f4c-ac16a34fff97;12_statistik_stadtforschung_lhw
Amt für Statistik und Stadtforschung, Landeshauptstadt Wiesbaden;SOCI;Bevölkerung und Gesellschaft;Kurzinfo Durchschnittsalter nach Wahlbezirken in Wiesbaden - April 2026;Aktuelle Statistikdaten zum Thema Durchschnittsalter;CSV, JSON, XLSX;2026-05-19;https://opendata.cloud.wiesbaden.de/app/data-catalog/94e71f6f-5dcb-43e8-80a6-f84349eb619a;94e71f6f-5dcb-43e8-80a6-f84349eb619a;12_statistik_stadtforschung_lhw
Amt für Statistik und Stadtforschung, Landeshauptstadt Wiesbaden;SOCI;Bevölkerung und Gesellschaft;Kurzinfo Durchschnittsalter nach Wahlbezirken in Wiesbaden - Dezember 2025;Aktuelle Statistikdaten zum Thema Durchschnittsalter;CSV, JSON, XLSX;2026-05-21;https://opendata.cloud.wiesbaden.de/app/data-catalog/f3b85dbd-46b3-4daa-9160-a14cedb01527;f3b85dbd-46b3-4daa-9160-a14cedb01527;12_statistik_stadtforschung_lhw
Amt für Statistik und Stadtforschung, Landeshauptstadt Wiesbaden;SOCI;Bevölkerung und Gesellschaft;Kurzinfo Durchschnittsalter nach Wahlbezirken in Wiesbaden - Februar 2026;Aktuelle Statistikdaten zum Thema Durchschnittsalter;CSV, JSON, XLSX;2026-05-19;https://opendata.cloud.wiesbaden.de/app/data-catalog/b3e91353-f017-4670-8d67-a81c09875c70;b3e91353-f017-4670-8d67-a81c09875c70;12_statistik_stadtforschung_lhw
Amt für Statistik und Stadtforschung, Landeshauptstadt Wiesbaden;SOCI;Bevölkerung und Gesellschaft;Kurzinfo Durchschnittsalter nach Wahlbezirken in Wiesbaden - Mai 2026;Aktuelle Statistikdaten zum Thema Durchschnittsalter;CSV, JSON, XLSX;2026-06-01;https://opendata.cloud.wiesbaden.de/app/data-catalog/dfa9c9da-83c1-405c-9e02-80497b48a31a;dfa9c9da-83c1-405c-9e02-80497b48a31a;12_statistik_stadtforschung_lhw
Amt für Statistik und Stadtforschung, Landeshauptstadt Wiesbaden;SOCI;Bevölkerung und Gesellschaft;Kurzinfo Durchschnittsalter nach Wahlbezirken in Wiesbaden - März 2026;Aktuelle Statistikdaten zum Thema Durchschnittsalter;CSV, JSON, XLSX;2026-05-19;https://opendata.cloud.wiesbaden.de/app/data-catalog/cbb2a290-1b6b-4c4d-8b03-9f362bf2a158;cbb2a290-1b6b-4c4d-8b03-9f362bf2a158;12_statistik_stadtforschung_lhw
Amt für Statistik und Stadtforschung, Landeshauptstadt Wiesbaden;SOCI;Bevölkerung und Gesellschaft;Panaschiersalden zwischen den Wahlvorschlägen zu den Ortsbeiratswahlen in Wiesbaden Amöneburg - 2026;Bestandteil der Wahlanalyse zur Kommunalwahl 2026 der Landeshauptstadt Wiesbaden;CSV, HTML;2026-04-20;https://opendata.cloud.wiesbaden.de/app/data-catalog/2a066c19-9081-42f2-a9b2-e5ebf83af696;2a066c19-9081-42f2-a9b2-e5ebf83af696;12_statistik_stadtforschung_lhw
Amt für Statistik und Stadtforschung, Landeshauptstadt Wiesbaden;SOCI;Bevölkerung und Gesellschaft;Panaschiersalden zwischen den Wahlvorschlägen zu den Ortsbeiratswahlen in Wiesbaden Auringen - 2026;Bestandteil der Wahlanalyse zur Kommunalwahl 2026 der Landeshauptstadt Wiesbaden;CSV, HTML;2026-04-20;https://opendata.cloud.wiesbaden.de/app/data-catalog/b76eb44f-37b2-4c64-81a1-0c15cf81aebd;b76eb44f-37b2-4c64-81a1-0c15cf81aebd;12_statistik_stadtforschung_lhw
Amt für Statistik und Stadtforschung, Landeshauptstadt Wiesbaden;SOCI;Bevölkerung und Gesellschaft;Panaschiersalden zwischen den Wahlvorschlägen zu den Ortsbeiratswahlen in Wiesbaden Biebrich - 2026;Bestandteil der Wahlanalyse zur Kommunalwahl 2026 der Landeshauptstadt Wiesbaden;CSV, HTML;2026-04-20;https://opendata.cloud.wiesbaden.de/app/data-catalog/cb5a7483-7c16-4e15-a909-496e78a95cdb;cb5a7483-7c16-4e15-a909-496e78a95cdb;12_statistik_stadtforschung_lhw
Amt für Statistik und Stadtforschung, Landeshauptstadt Wiesbaden;SOCI;Bevölkerung und Gesellschaft;Panaschiersalden zwischen den Wahlvorschlägen zu den Ortsbeiratswahlen in Wiesbaden Bierstadt - 2026;Bestandteil der Wahlanalyse zur Kommunalwahl 2026 der Landeshauptstadt Wiesbaden;CSV, HTML;2026-04-20;https://opendata.cloud.wiesbaden.de/app/data-catalog/3b631dd7-81b8-444c-8677-7cd7c5dfbf06;3b631dd7-81b8-444c-8677-7cd7c5dfbf06;12_statistik_stadtforschung_lhw
Amt für Statistik und Stadtforschung, Landeshauptstadt Wiesbaden;SOCI;Bevölkerung und Gesellschaft;Panaschiersalden zwischen den Wahlvorschlägen zu den Ortsbeiratswahlen in Wiesbaden Breckenheim - 2026;Bestandteil der Wahlanalyse zur Kommunalwahl 2026 der Landeshauptstadt Wiesbaden;CSV, HTML;2026-04-20;https://opendata.cloud.wiesbaden.de/app/data-catalog/21b9d509-11ea-48ec-b050-05249d63ef5c;21b9d509-11ea-48ec-b050-05249d63ef5c;12_statistik_stadtforschung_lhw
Amt für Statistik und Stadtforschung, Landeshauptstadt Wiesbaden;SOCI;Bevölkerung und Gesellschaft;Panaschiersalden zwischen den Wahlvorschlägen zu den Ortsbeiratswahlen in Wiesbaden Delkenheim - 2026;Bestandteil der Wahlanalyse zur Kommunalwahl 2026 der Landeshauptstadt Wiesbaden;CSV, HTML;2026-04-20;https://opendata.cloud.wiesbaden.de/app/data-catalog/24ec07ef-a754-4084-84db-f07375ac0683;24ec07ef-a754-4084-84db-f07375ac0683;12_statistik_stadtforschung_lhw
Amt für Statistik und Stadtforschung, Landeshauptstadt Wiesbaden;SOCI;Bevölkerung und Gesellschaft;Panaschiersalden zwischen den Wahlvorschlägen zu den Ortsbeiratswahlen in Wiesbaden Dotzheim - 2026;Bestandteil der Wahlanalyse zur Kommunalwahl 2026 der Landeshauptstadt Wiesbaden;CSV, HTML;2026-04-20;https://opendata.cloud.wiesbaden.de/app/data-catalog/c71dcb3d-2c1b-4092-92d9-52358cff3ff7;c71dcb3d-2c1b-4092-92d9-52358cff3ff7;12_statistik_stadtforschung_lhw
Amt für Statistik und Stadtforschung, Landeshauptstadt Wiesbaden;SOCI;Bevölkerung und Gesellschaft;Panaschiersalden zwischen den Wahlvorschlägen zu den Ortsbeiratswahlen in Wiesbaden Erbenheim - 2026;Bestandteil der Wahlanalyse zur Kommunalwahl 2026 der Landeshauptstadt Wiesbaden;CSV, HTML;2026-04-20;https://opendata.cloud.wiesbaden.de/app/data-catalog/f60d4ade-1653-400f-95ff-10c56830af83;f60d4ade-1653-400f-95ff-10c56830af83;12_statistik_stadtforschung_lhw
Amt für Statistik und Stadtforschung, Landeshauptstadt Wiesbaden;SOCI;Bevölkerung und Gesellschaft;Panaschiersalden zwischen den Wahlvorschlägen zu den Ortsbeiratswahlen in Wiesbaden Frauenstein - 2026;Bestandteil der Wahlanalyse zur Kommunalwahl 2026 der Landeshauptstadt Wiesbaden;CSV, HTML;2026-04-20;https://opendata.cloud.wiesbaden.de/app/data-catalog/53b574f3-7f85-40e8-be65-ede2423d6437;53b574f3-7f85-40e8-be65-ede2423d6437;12_statistik_stadtforschung_lhw
Amt für Statistik und Stadtforschung, Landeshauptstadt Wiesbaden;SOCI;Bevölkerung und Gesellschaft;Panaschiersalden zwischen den Wahlvorschlägen zu den Ortsbeiratswahlen in Wiesbaden Heßloch - 2026;Bestandteil der Wahlanalyse zur Kommunalwahl 2026 der Landeshauptstadt Wiesbaden;CSV, HTML;2026-04-20;https://opendata.cloud.wiesbaden.de/app/data-catalog/3c8947d4-3704-4b3f-bbba-1223feb372f2;3c8947d4-3704-4b3f-bbba-1223feb372f2;12_statistik_stadtforschung_lhw
Amt für Statistik und Stadtforschung, Landeshauptstadt Wiesbaden;SOCI;Bevölkerung und Gesellschaft;Panaschiersalden zwischen den Wahlvorschlägen zu den Ortsbeiratswahlen in Wiesbaden Igstadt - 2026;Bestandteil der Wahlanalyse zur Kommunalwahl 2026 der Landeshauptstadt Wiesbaden;CSV, HTML;2026-04-20;https://opendata.cloud.wiesbaden.de/app/data-catalog/32f6c40d-7881-4d71-90d4-2cb5420dd4e3;32f6c40d-7881-4d71-90d4-2cb5420dd4e3;12_statistik_stadtforschung_lhw
Amt für Statistik und Stadtforschung, Landeshauptstadt Wiesbaden;SOCI;Bevölkerung und Gesellschaft;Panaschiersalden zwischen den Wahlvorschlägen zu den Ortsbeiratswahlen in Wiesbaden Kastel - 2026;Bestandteil der Wahlanalyse zur Kommunalwahl 2026 der Landeshauptstadt Wiesbaden;CSV, HTML;2026-04-20;https://opendata.cloud.wiesbaden.de/app/data-catalog/8a1593dc-f598-49c7-b9a0-8b31d4ca57bd;8a1593dc-f598-49c7-b9a0-8b31d4ca57bd;12_statistik_stadtforschung_lhw
Amt für Statistik und Stadtforschung, Landeshauptstadt Wiesbaden;SOCI;Bevölkerung und Gesellschaft;Panaschiersalden zwischen den Wahlvorschlägen zu den Ortsbeiratswahlen in Wiesbaden Klarenthal - 2026;Bestandteil der Wahlanalyse zur Kommunalwahl 2026 der Landeshauptstadt Wiesbaden;CSV, HTML;2026-04-20;https://opendata.cloud.wiesbaden.de/app/data-catalog/507f697f-0ccf-4443-bbcc-b7ec987176e6;507f697f-0ccf-4443-bbcc-b7ec987176e6;12_statistik_stadtforschung_lhw
Amt für Statistik und Stadtforschung, Landeshauptstadt Wiesbaden;SOCI;Bevölkerung und Gesellschaft;Panaschiersalden zwischen den Wahlvorschlägen zu den Ortsbeiratswahlen in Wiesbaden Kloppenheim - 2026;Bestandteil der Wahlanalyse zur Kommunalwahl 2026 der Landeshauptstadt Wiesbaden;CSV, HTML;2026-04-20;https://opendata.cloud.wiesbaden.de/app/data-catalog/c5b7f46b-ccaa-4a64-9eb0-0e5f25a4437f;c5b7f46b-ccaa-4a64-9eb0-0e5f25a4437f;12_statistik_stadtforschung_lhw
Amt für Statistik und Stadtforschung, Landeshauptstadt Wiesbaden;SOCI;Bevölkerung und Gesellschaft;Panaschiersalden zwischen den Wahlvorschlägen zu den Ortsbeiratswahlen in Wiesbaden Kostheim - 2026;Bestandteil der Wahlanalyse zur Kommunalwahl 2026 der Landeshauptstadt Wiesbaden;CSV, HTML;2026-04-20;https://opendata.cloud.wiesbaden.de/app/data-catalog/65b16100-fc67-4efc-b059-9186a36d0b18;65b16100-fc67-4efc-b059-9186a36d0b18;12_statistik_stadtforschung_lhw
Amt für Statistik und Stadtforschung, Landeshauptstadt Wiesbaden;SOCI;Bevölkerung und Gesellschaft;Panaschiersalden zwischen den Wahlvorschlägen zu den Ortsbeiratswahlen in Wiesbaden Medenbach - 2026;Bestandteil der Wahlanalyse zur Kommunalwahl 2026 der Landeshauptstadt Wiesbaden;CSV, HTML;2026-04-20;https://opendata.cloud.wiesbaden.de/app/data-catalog/6bef4c00-5c47-4916-b215-bb1b398bcfd7;6bef4c00-5c47-4916-b215-bb1b398bcfd7;12_statistik_stadtforschung_lhw
Amt für Statistik und Stadtforschung, Landeshauptstadt Wiesbaden;SOCI;Bevölkerung und Gesellschaft;Panaschiersalden zwischen den Wahlvorschlägen zu den Ortsbeiratswahlen in Wiesbaden Mitte - 2026;Bestandteil der Wahlanalyse zur Kommunalwahl 2026 der Landeshauptstadt Wiesbaden;CSV, HTML;2026-04-20;https://opendata.cloud.wiesbaden.de/app/data-catalog/d70bf1b4-32bf-4e91-ae04-1fe35f2fe8b6;d70bf1b4-32bf-4e91-ae04-1fe35f2fe8b6;12_statistik_stadtforschung_lhw
Amt für Statistik und Stadtforschung, Landeshauptstadt Wiesbaden;SOCI;Bevölkerung und Gesellschaft;Panaschiersalden zwischen den Wahlvorschlägen zu den Ortsbeiratswahlen in Wiesbaden Naurod - 2026;Bestandteil der Wahlanalyse zur Kommunalwahl 2026 der Landeshauptstadt Wiesbaden;CSV, HTML;2026-04-20;https://opendata.cloud.wiesbaden.de/app/data-catalog/834c5374-7bf9-4590-947b-7db718ce846d;834c5374-7bf9-4590-947b-7db718ce846d;12_statistik_stadtforschung_lhw
Amt für Statistik und Stadtforschung, Landeshauptstadt Wiesbaden;SOCI;Bevölkerung und Gesellschaft;Panaschiersalden zwischen den Wahlvorschlägen zu den Ortsbeiratswahlen in Wiesbaden Nordenstadt - 2026;Bestandteil der Wahlanalyse zur Kommunalwahl 2026 der Landeshauptstadt Wiesbaden;CSV, HTML;2026-04-20;https://opendata.cloud.wiesbaden.de/app/data-catalog/b4ceb46c-24d0-4edf-bb70-418c372e964b;b4ceb46c-24d0-4edf-bb70-418c372e964b;12_statistik_stadtforschung_lhw
Amt für Statistik und Stadtforschung, Landeshauptstadt Wiesbaden;SOCI;Bevölkerung und Gesellschaft;Panaschiersalden zwischen den Wahlvorschlägen zu den Ortsbeiratswahlen in Wiesbaden Nordost - 2026;Bestandteil der Wahlanalyse zur Kommunalwahl 2026 der Landeshauptstadt Wiesbaden;CSV, HTML;2026-04-20;https://opendata.cloud.wiesbaden.de/app/data-catalog/db563177-03fd-477c-a9b3-be6410539ad3;db563177-03fd-477c-a9b3-be6410539ad3;12_statistik_stadtforschung_lhw
Amt für Statistik und Stadtforschung, Landeshauptstadt Wiesbaden;SOCI;Bevölkerung und Gesellschaft;Panaschiersalden zwischen den Wahlvorschlägen zu den Ortsbeiratswahlen in Wiesbaden Rambach - 2026;Bestandteil der Wahlanalyse zur Kommunalwahl 2026 der Landeshauptstadt Wiesbaden;CSV, HTML;2026-04-20;https://opendata.cloud.wiesbaden.de/app/data-catalog/4064a462-aab3-46b2-b231-a58e36f26621;4064a462-aab3-46b2-b231-a58e36f26621;12_statistik_stadtforschung_lhw
Amt für Statistik und Stadtforschung, Landeshauptstadt Wiesbaden;SOCI;Bevölkerung und Gesellschaft;Panaschiersalden zwischen den Wahlvorschlägen zu den Ortsbeiratswahlen in Wiesbaden Rheingauviertel, Hollerborn - 2026;Bestandteil der Wahlanalyse zur Kommunalwahl 2026 der Landeshauptstadt Wiesbaden;CSV, HTML;2026-04-20;https://opendata.cloud.wiesbaden.de/app/data-catalog/cf96a689-33b9-4dd3-b89b-48c061d3c528;cf96a689-33b9-4dd3-b89b-48c061d3c528;12_statistik_stadtforschung_lhw
Amt für Statistik und Stadtforschung, Landeshauptstadt Wiesbaden;SOCI;Bevölkerung und Gesellschaft;Panaschiersalden zwischen den Wahlvorschlägen zu den Ortsbeiratswahlen in Wiesbaden Schierstein - 2026;Bestandteil der Wahlanalyse zur Kommunalwahl 2026 der Landeshauptstadt Wiesbaden;CSV, HTML;2026-04-20;https://opendata.cloud.wiesbaden.de/app/data-catalog/de5c574c-712c-4a45-8cc4-e5b17a21600e;de5c574c-712c-4a45-8cc4-e5b17a21600e;12_statistik_stadtforschung_lhw
Amt für Statistik und Stadtforschung, Landeshauptstadt Wiesbaden;SOCI;Bevölkerung und Gesellschaft;Panaschiersalden zwischen den Wahlvorschlägen zu den Ortsbeiratswahlen in Wiesbaden Sonnenberg - 2026;Bestandteil der Wahlanalyse zur Kommunalwahl 2026 der Landeshauptstadt Wiesbaden;CSV, HTML;2026-04-20;https://opendata.cloud.wiesbaden.de/app/data-catalog/7152570a-d227-49dd-8bae-86c4fa3ba327;7152570a-d227-49dd-8bae-86c4fa3ba327;12_statistik_stadtforschung_lhw
Amt für Statistik und Stadtforschung, Landeshauptstadt Wiesbaden;SOCI;Bevölkerung und Gesellschaft;Panaschiersalden zwischen den Wahlvorschlägen zu den Ortsbeiratswahlen in Wiesbaden Südost - 2026;Bestandteil der Wahlanalyse zur Kommunalwahl 2026 der Landeshauptstadt Wiesbaden;CSV, HTML;2026-04-20;https://opendata.cloud.wiesbaden.de/app/data-catalog/cf5b7506-198e-47da-9ad9-c29abbc3a7c1;cf5b7506-198e-47da-9ad9-c29abbc3a7c1;12_statistik_stadtforschung_lhw
Amt für Statistik und Stadtforschung, Landeshauptstadt Wiesbaden;SOCI;Bevölkerung und Gesellschaft;Panaschiersalden zwischen den Wahlvorschlägen zu den Ortsbeiratswahlen in Wiesbaden Westend, Bleichstraße - 2026;Bestandteil der Wahlanalyse zur Kommunalwahl 2026 der Landeshauptstadt Wiesbaden;CSV, HTML;2026-04-20;https://opendata.cloud.wiesbaden.de/app/data-catalog/786ac69a-9479-4a12-9d09-f8fb48f8ddbb;786ac69a-9479-4a12-9d09-f8fb48f8ddbb;12_statistik_stadtforschung_lhw
Amt für Statistik und Stadtforschung, Landeshauptstadt Wiesbaden;SOCI;Bevölkerung und Gesellschaft;Panaschiersalden zwischen den Wahlvorschlägen zur Stadtverordnetenwahl in Wiesbaden - 2026;Bestandteil der Wahlanalyse zur Kommunalwahl 2026 der Landeshauptstadt Wiesbaden;CSV, HTML;2026-04-20;https://opendata.cloud.wiesbaden.de/app/data-catalog/fd42af87-198f-4ea4-9222-726a78acf77d;fd42af87-198f-4ea4-9222-726a78acf77d;12_statistik_stadtforschung_lhw
Amt für Statistik und Stadtforschung, Landeshauptstadt Wiesbaden;SOCI;Bevölkerung und Gesellschaft;Sitzverteilung der Wahlvorschläge in den Ortsbeiräten in Wiesbaden - 2026;Bestandteil der Wahlanalyse zur Kommunalwahl 2026 der Landeshauptstadt Wiesbaden;CSV, HTML;2026-04-20;https://opendata.cloud.wiesbaden.de/app/data-catalog/bcbfadad-7ede-4373-a18b-410f52ef3dd0;bcbfadad-7ede-4373-a18b-410f52ef3dd0;12_statistik_stadtforschung_lhw
Amt für Statistik und Stadtforschung, Landeshauptstadt Wiesbaden;SOCI;Bevölkerung und Gesellschaft;Sitzverteilung der Wahlvorschläge in der Stadverordnetenversammlung in Wiesbaden - 2026;Bestandteil der Wahlanalyse zur Kommunalwahl 2026 der Landeshauptstadt Wiesbaden;CSV, HTML;2026-04-20;https://opendata.cloud.wiesbaden.de/app/data-catalog/c5b1d94c-a604-4a22-9539-6c656e76c91a;c5b1d94c-a604-4a22-9539-6c656e76c91a;12_statistik_stadtforschung_lhw
Amt für Statistik und Stadtforschung, Landeshauptstadt Wiesbaden;SOCI;Bevölkerung und Gesellschaft;Sitzverteilung zu den Ausländerbeiratswahlen in Wiesbaden - 2021 und 2026;Bestandteil der Wahlanalyse zur Kommunalwahl 2026 der Landeshauptstadt Wiesbaden;CSV, HTML;2026-04-20;https://opendata.cloud.wiesbaden.de/app/data-catalog/be426cbd-6571-4c4e-a097-18b2d254ef17;be426cbd-6571-4c4e-a097-18b2d254ef17;12_statistik_stadtforschung_lhw
Amt für Statistik und Stadtforschung, Landeshauptstadt Wiesbaden;SOCI;Bevölkerung und Gesellschaft;Sitzverteilung zu den Ortsbeiratswahlen in Wiesbaden Amöneburg - 2021 und 2026;Bestandteil der Wahlanalyse zur Kommunalwahl 2026 der Landeshauptstadt Wiesbaden;CSV, HTML;2026-04-20;https://opendata.cloud.wiesbaden.de/app/data-catalog/375e8c0d-048a-4510-8fbf-d17bd63a2227;375e8c0d-048a-4510-8fbf-d17bd63a2227;12_statistik_stadtforschung_lhw
Amt für Statistik und Stadtforschung, Landeshauptstadt Wiesbaden;SOCI;Bevölkerung und Gesellschaft;Sitzverteilung zu den Ortsbeiratswahlen in Wiesbaden Auringen - 2021 und 2026;Bestandteil der Wahlanalyse zur Kommunalwahl 2026 der Landeshauptstadt Wiesbaden;CSV, HTML;2026-04-20;https://opendata.cloud.wiesbaden.de/app/data-catalog/f1efc02c-152c-4b47-af16-265022d189c3;f1efc02c-152c-4b47-af16-265022d189c3;12_statistik_stadtforschung_lhw
Amt für Statistik und Stadtforschung, Landeshauptstadt Wiesbaden;SOCI;Bevölkerung und Gesellschaft;Sitzverteilung zu den Ortsbeiratswahlen in Wiesbaden Biebrich - 2021 und 2026;Bestandteil der Wahlanalyse zur Kommunalwahl 2026 der Landeshauptstadt Wiesbaden;CSV, HTML;2026-04-20;https://opendata.cloud.wiesbaden.de/app/data-catalog/cf6104a5-b7a4-4183-b8a2-17e5786afdc1;cf6104a5-b7a4-4183-b8a2-17e5786afdc1;12_statistik_stadtforschung_lhw
Amt für Statistik und Stadtforschung, Landeshauptstadt Wiesbaden;SOCI;Bevölkerung und Gesellschaft;Sitzverteilung zu den Ortsbeiratswahlen in Wiesbaden Bierstadt - 2021 und 2026;Bestandteil der Wahlanalyse zur Kommunalwahl 2026 der Landeshauptstadt Wiesbaden;CSV, HTML;2026-04-20;https://opendata.cloud.wiesbaden.de/app/data-catalog/0a6c782a-5b1a-495f-aafd-aa61fc864e73;0a6c782a-5b1a-495f-aafd-aa61fc864e73;12_statistik_stadtforschung_lhw
Amt für Statistik und Stadtforschung, Landeshauptstadt Wiesbaden;SOCI;Bevölkerung und Gesellschaft;Sitzverteilung zu den Ortsbeiratswahlen in Wiesbaden Breckenheim - 2021 und 2026;Bestandteil der Wahlanalyse zur Kommunalwahl 2026 der Landeshauptstadt Wiesbaden;CSV, HTML;2026-04-20;https://opendata.cloud.wiesbaden.de/app/data-catalog/3b696959-e21c-4dc6-b984-240442c215cb;3b696959-e21c-4dc6-b984-240442c215cb;12_statistik_stadtforschung_lhw
Amt für Statistik und Stadtforschung, Landeshauptstadt Wiesbaden;SOCI;Bevölkerung und Gesellschaft;Sitzverteilung zu den Ortsbeiratswahlen in Wiesbaden Delkenheim - 2021 und 2026;Bestandteil der Wahlanalyse zur Kommunalwahl 2026 der Landeshauptstadt Wiesbaden;CSV, HTML;2026-04-20;https://opendata.cloud.wiesbaden.de/app/data-catalog/74ab8bab-eaad-4228-9629-50274f3732a2;74ab8bab-eaad-4228-9629-50274f3732a2;12_statistik_stadtforschung_lhw
Amt für Statistik und Stadtforschung, Landeshauptstadt Wiesbaden;SOCI;Bevölkerung und Gesellschaft;Sitzverteilung zu den Ortsbeiratswahlen in Wiesbaden Dotzheim - 2021 und 2026;Bestandteil der Wahlanalyse zur Kommunalwahl 2026 der Landeshauptstadt Wiesbaden;CSV, HTML;2026-04-20;https://opendata.cloud.wiesbaden.de/app/data-catalog/c2e397cb-00a9-469f-badf-0b58ea799aa6;c2e397cb-00a9-469f-badf-0b58ea799aa6;12_statistik_stadtforschung_lhw
Amt für Statistik und Stadtforschung, Landeshauptstadt Wiesbaden;SOCI;Bevölkerung und Gesellschaft;Sitzverteilung zu den Ortsbeiratswahlen in Wiesbaden Erbenheim - 2021 und 2026;Bestandteil der Wahlanalyse zur Kommunalwahl 2026 der Landeshauptstadt Wiesbaden;CSV, HTML;2026-04-20;https://opendata.cloud.wiesbaden.de/app/data-catalog/83c6a42d-fb5a-4ee4-a917-7bc1d891aaa1;83c6a42d-fb5a-4ee4-a917-7bc1d891aaa1;12_statistik_stadtforschung_lhw
Amt für Statistik und Stadtforschung, Landeshauptstadt Wiesbaden;SOCI;Bevölkerung und Gesellschaft;Sitzverteilung zu den Ortsbeiratswahlen in Wiesbaden Frauenstein - 2021 und 2026;Bestandteil der Wahlanalyse zur Kommunalwahl 2026 der Landeshauptstadt Wiesbaden;CSV, HTML;2026-04-20;https://opendata.cloud.wiesbaden.de/app/data-catalog/4a6393d3-5deb-4aa7-bcba-a471e3a88f95;4a6393d3-5deb-4aa7-bcba-a471e3a88f95;12_statistik_stadtforschung_lhw
Amt für Statistik und Stadtforschung, Landeshauptstadt Wiesbaden;SOCI;Bevölkerung und Gesellschaft;Sitzverteilung zu den Ortsbeiratswahlen in Wiesbaden Heßloch - 2021 und 2026;Bestandteil der Wahlanalyse zur Kommunalwahl 2026 der Landeshauptstadt Wiesbaden;CSV, HTML;2026-04-20;https://opendata.cloud.wiesbaden.de/app/data-catalog/b36037e1-c27a-4edd-8eb5-f81a9c745896;b36037e1-c27a-4edd-8eb5-f81a9c745896;12_statistik_stadtforschung_lhw
Amt für Statistik und Stadtforschung, Landeshauptstadt Wiesbaden;SOCI;Bevölkerung und Gesellschaft;Sitzverteilung zu den Ortsbeiratswahlen in Wiesbaden Igstadt - 2021 und 2026;Bestandteil der Wahlanalyse zur Kommunalwahl 2026 der Landeshauptstadt Wiesbaden;CSV, HTML;2026-04-20;https://opendata.cloud.wiesbaden.de/app/data-catalog/84ea82b6-4196-4cb1-8976-291df148c8b2;84ea82b6-4196-4cb1-8976-291df148c8b2;12_statistik_stadtforschung_lhw
Amt für Statistik und Stadtforschung, Landeshauptstadt Wiesbaden;SOCI;Bevölkerung und Gesellschaft;Sitzverteilung zu den Ortsbeiratswahlen in Wiesbaden Kastel - 2021 und 2026;Bestandteil der Wahlanalyse zur Kommunalwahl 2026 der Landeshauptstadt Wiesbaden;CSV, HTML;2026-04-20;https://opendata.cloud.wiesbaden.de/app/data-catalog/2a44bc5c-086d-4dbf-bd32-69e4f329e31b;2a44bc5c-086d-4dbf-bd32-69e4f329e31b;12_statistik_stadtforschung_lhw
Amt für Statistik und Stadtforschung, Landeshauptstadt Wiesbaden;SOCI;Bevölkerung und Gesellschaft;Sitzverteilung zu den Ortsbeiratswahlen in Wiesbaden Klarenthal - 2021 und 2026;Bestandteil der Wahlanalyse zur Kommunalwahl 2026 der Landeshauptstadt Wiesbaden;CSV, HTML;2026-04-20;https://opendata.cloud.wiesbaden.de/app/data-catalog/87c0a4a7-d1db-4c55-a1de-5b1f54c6527c;87c0a4a7-d1db-4c55-a1de-5b1f54c6527c;12_statistik_stadtforschung_lhw
Amt für Statistik und Stadtforschung, Landeshauptstadt Wiesbaden;SOCI;Bevölkerung und Gesellschaft;Sitzverteilung zu den Ortsbeiratswahlen in Wiesbaden Kloppenheim - 2021 und 2026;Bestandteil der Wahlanalyse zur Kommunalwahl 2026 der Landeshauptstadt Wiesbaden;CSV, HTML;2026-04-20;https://opendata.cloud.wiesbaden.de/app/data-catalog/f316f27b-8bb5-41e5-bbae-842eec96bcfb;f316f27b-8bb5-41e5-bbae-842eec96bcfb;12_statistik_stadtforschung_lhw
Amt für Statistik und Stadtforschung, Landeshauptstadt Wiesbaden;SOCI;Bevölkerung und Gesellschaft;Sitzverteilung zu den Ortsbeiratswahlen in Wiesbaden Kostheim - 2021 und 2026;Bestandteil der Wahlanalyse zur Kommunalwahl 2026 der Landeshauptstadt Wiesbaden;CSV, HTML;2026-04-20;https://opendata.cloud.wiesbaden.de/app/data-catalog/8b2b1891-f4fd-40ac-84ba-5e8bb7808ff6;8b2b1891-f4fd-40ac-84ba-5e8bb7808ff6;12_statistik_stadtforschung_lhw
Amt für Statistik und Stadtforschung, Landeshauptstadt Wiesbaden;SOCI;Bevölkerung und Gesellschaft;Sitzverteilung zu den Ortsbeiratswahlen in Wiesbaden Medenbach - 2021 und 2026;Bestandteil der Wahlanalyse zur Kommunalwahl 2026 der Landeshauptstadt Wiesbaden;CSV, HTML;2026-04-20;https://opendata.cloud.wiesbaden.de/app/data-catalog/5b848997-3144-4ea7-a08c-bd0e60f0eebe;5b848997-3144-4ea7-a08c-bd0e60f0eebe;12_statistik_stadtforschung_lhw
Amt für Statistik und Stadtforschung, Landeshauptstadt Wiesbaden;SOCI;Bevölkerung und Gesellschaft;Sitzverteilung zu den Ortsbeiratswahlen in Wiesbaden Mitte - 2021 und 2026;Bestandteil der Wahlanalyse zur Kommunalwahl 2026 der Landeshauptstadt Wiesbaden;CSV, HTML;2026-04-20;https://opendata.cloud.wiesbaden.de/app/data-catalog/3a9cff8e-da64-44f7-ad65-63895147c23d;3a9cff8e-da64-44f7-ad65-63895147c23d;12_statistik_stadtforschung_lhw
Amt für Statistik und Stadtforschung, Landeshauptstadt Wiesbaden;SOCI;Bevölkerung und Gesellschaft;Sitzverteilung zu den Ortsbeiratswahlen in Wiesbaden Naurod - 2021 und 2026;Bestandteil der Wahlanalyse zur Kommunalwahl 2026 der Landeshauptstadt Wiesbaden;CSV, HTML;2026-04-20;https://opendata.cloud.wiesbaden.de/app/data-catalog/8817565d-4ff9-4694-8ee1-4ac6ddf5bd71;8817565d-4ff9-4694-8ee1-4ac6ddf5bd71;12_statistik_stadtforschung_lhw
Amt für Statistik und Stadtforschung, Landeshauptstadt Wiesbaden;SOCI;Bevölkerung und Gesellschaft;Sitzverteilung zu den Ortsbeiratswahlen in Wiesbaden Nordenstadt - 2021 und 2026;Bestandteil der Wahlanalyse zur Kommunalwahl 2026 der Landeshauptstadt Wiesbaden;CSV, HTML;2026-04-20;https://opendata.cloud.wiesbaden.de/app/data-catalog/a69e8673-bc72-4e13-bfa4-4ff46bd25b45;a69e8673-bc72-4e13-bfa4-4ff46bd25b45;12_statistik_stadtforschung_lhw
Amt für Statistik und Stadtforschung, Landeshauptstadt Wiesbaden;SOCI;Bevölkerung und Gesellschaft;Sitzverteilung zu den Ortsbeiratswahlen in Wiesbaden Nordost - 2021 und 2026;Bestandteil der Wahlanalyse zur Kommunalwahl 2026 der Landeshauptstadt Wiesbaden;CSV, HTML;2026-04-20;https://opendata.cloud.wiesbaden.de/app/data-catalog/38cce1b5-795d-4ee8-b918-f30e1f005baa;38cce1b5-795d-4ee8-b918-f30e1f005baa;12_statistik_stadtforschung_lhw
Amt für Statistik und Stadtforschung, Landeshauptstadt Wiesbaden;SOCI;Bevölkerung und Gesellschaft;Sitzverteilung zu den Ortsbeiratswahlen in Wiesbaden Rambach - 2021 und 2026;Bestandteil der Wahlanalyse zur Kommunalwahl 2026 der Landeshauptstadt Wiesbaden;CSV, HTML;2026-04-20;https://opendata.cloud.wiesbaden.de/app/data-catalog/de10aaa4-4d66-4f5a-99cb-b4ca561cf28c;de10aaa4-4d66-4f5a-99cb-b4ca561cf28c;12_statistik_stadtforschung_lhw
Amt für Statistik und Stadtforschung, Landeshauptstadt Wiesbaden;SOCI;Bevölkerung und Gesellschaft;Sitzverteilung zu den Ortsbeiratswahlen in Wiesbaden Rheingauviertel, Hollerborn - 2021 und 2026;Bestandteil der Wahlanalyse zur Kommunalwahl 2026 der Landeshauptstadt Wiesbaden;CSV, HTML;2026-04-20;https://opendata.cloud.wiesbaden.de/app/data-catalog/1c08811a-8e11-4303-8f26-39aedf38bb52;1c08811a-8e11-4303-8f26-39aedf38bb52;12_statistik_stadtforschung_lhw
Amt für Statistik und Stadtforschung, Landeshauptstadt Wiesbaden;SOCI;Bevölkerung und Gesellschaft;Sitzverteilung zu den Ortsbeiratswahlen in Wiesbaden Schierstein - 2021 und 2026;Bestandteil der Wahlanalyse zur Kommunalwahl 2026 der Landeshauptstadt Wiesbaden;CSV, HTML;2026-04-20;https://opendata.cloud.wiesbaden.de/app/data-catalog/2ea4d69c-a571-4259-9ba2-1cb26d3855a6;2ea4d69c-a571-4259-9ba2-1cb26d3855a6;12_statistik_stadtforschung_lhw
Amt für Statistik und Stadtforschung, Landeshauptstadt Wiesbaden;SOCI;Bevölkerung und Gesellschaft;Sitzverteilung zu den Ortsbeiratswahlen in Wiesbaden Sonnenberg - 2021 und 2026;Bestandteil der Wahlanalyse zur Kommunalwahl 2026 der Landeshauptstadt Wiesbaden;CSV, HTML;2026-04-20;https://opendata.cloud.wiesbaden.de/app/data-catalog/130f78b2-49f5-4a79-803d-e784236e8b2f;130f78b2-49f5-4a79-803d-e784236e8b2f;12_statistik_stadtforschung_lhw
Amt für Statistik und Stadtforschung, Landeshauptstadt Wiesbaden;SOCI;Bevölkerung und Gesellschaft;Sitzverteilung zu den Ortsbeiratswahlen in Wiesbaden Südost - 2021 und 2026;Bestandteil der Wahlanalyse zur Kommunalwahl 2026 der Landeshauptstadt Wiesbaden;CSV, HTML;2026-04-20;https://opendata.cloud.wiesbaden.de/app/data-catalog/329eb647-8275-4f53-aa03-a520a762b215;329eb647-8275-4f53-aa03-a520a762b215;12_statistik_stadtforschung_lhw
Amt für Statistik und Stadtforschung, Landeshauptstadt Wiesbaden;SOCI;Bevölkerung und Gesellschaft;Sitzverteilung zu den Ortsbeiratswahlen in Wiesbaden Westend, Bleichstraße - 2021 und 2026;Bestandteil der Wahlanalyse zur Kommunalwahl 2026 der Landeshauptstadt Wiesbaden;CSV, HTML;2026-04-20;https://opendata.cloud.wiesbaden.de/app/data-catalog/5819d391-89e6-4913-b4e0-4a1cd0e952ba;5819d391-89e6-4913-b4e0-4a1cd0e952ba;12_statistik_stadtforschung_lhw
Amt für Statistik und Stadtforschung, Landeshauptstadt Wiesbaden;SOCI;Bevölkerung und Gesellschaft;Stimmenanteile aus Urnen- und Briefwahl zur Stadtverordnetenversammlung in Wiesbaden - 2026;Bestandteil der Wahlanalyse zur Kommunalwahl 2026 der Landeshauptstadt Wiesbaden;CSV, HTML;2026-04-20;https://opendata.cloud.wiesbaden.de/app/data-catalog/a7c36a95-6e16-4606-b135-c94ba0925306;a7c36a95-6e16-4606-b135-c94ba0925306;12_statistik_stadtforschung_lhw
Amt für Statistik und Stadtforschung, Landeshauptstadt Wiesbaden;SOCI;Bevölkerung und Gesellschaft;Stimmenanteile der Wahlvorschläge in den Ortsbeiräten in Wiesbaden - 2026;Bestandteil der Wahlanalyse zur Kommunalwahl 2026 der Landeshauptstadt Wiesbaden;CSV, HTML;2026-04-20;https://opendata.cloud.wiesbaden.de/app/data-catalog/6fdbc465-6ec8-484f-a699-4b07e698455d;6fdbc465-6ec8-484f-a699-4b07e698455d;12_statistik_stadtforschung_lhw
Amt für Statistik und Stadtforschung, Landeshauptstadt Wiesbaden;SOCI;Bevölkerung und Gesellschaft;Stimmenanteile der Wahlvorschläge nach Wahlbeteiligungskategorien in den Ortsbezirken zur Stadtverordnetenwahl in Wiesbaden - 2026;Bestandteil der Wahlanalyse zur Kommunalwahl 2026 der Landeshauptstadt Wiesbaden;CSV, HTML;2026-04-20;https://opendata.cloud.wiesbaden.de/app/data-catalog/4e80ac45-fa95-4c37-b1dc-f1bdeec5bedf;4e80ac45-fa95-4c37-b1dc-f1bdeec5bedf;12_statistik_stadtforschung_lhw
Amt für Statistik und Stadtforschung, Landeshauptstadt Wiesbaden;SOCI;Bevölkerung und Gesellschaft;Struktur der Wählerschaft der Wahlvorschläge nach Alter und Geschlecht bei der Kommunalwahl - 2026;Struktur der Wählerschaft der Wahlvorschläge nach Alter und Geschlecht bei der Kommunalwahl - 2026;CSV, HTML;2026-06-19;https://opendata.cloud.wiesbaden.de/app/data-catalog/49edfbb7-3b17-486a-b7d6-84eb2a52c972;49edfbb7-3b17-486a-b7d6-84eb2a52c972;12_statistik_stadtforschung_lhw
Amt für Statistik und Stadtforschung, Landeshauptstadt Wiesbaden;SOCI;Bevölkerung und Gesellschaft;Veränderung der Stimmenanteile nach Wahlvorschlägen und Ortsbezirken zur Stadtverordnetenwahl in Wiesbaden - 2026 gegenüber 2021;Bestandteil der Wahlanalyse zur Kommunalwahl 2026 der Landeshauptstadt Wiesbaden;CSV, HTML;2026-04-20;https://opendata.cloud.wiesbaden.de/app/data-catalog/a3ba236b-6985-448e-a1f9-9c06b8814743;a3ba236b-6985-448e-a1f9-9c06b8814743;12_statistik_stadtforschung_lhw
Amt für Statistik und Stadtforschung, Landeshauptstadt Wiesbaden;SOCI;Bevölkerung und Gesellschaft;Wahlberechtigte bei Stadtverordnetenwahlen in Wiesbaden - 1977 bis 2026;Bestandteil der Wahlanalyse zur Kommunalwahl 2026 der Landeshauptstadt Wiesbaden;CSV, HTML;2026-04-20;https://opendata.cloud.wiesbaden.de/app/data-catalog/21895747-f5a1-45dc-8d5a-7a778d6fa232;21895747-f5a1-45dc-8d5a-7a778d6fa232;12_statistik_stadtforschung_lhw
Amt für Statistik und Stadtforschung, Landeshauptstadt Wiesbaden;SOCI;Bevölkerung und Gesellschaft;Wahlberechtigte und Wahlbeteiligung zu den Ortsbeiratswahlen in Wiesbaden - 2021 und 2026;Bestandteil der Wahlanalyse zur Kommunalwahl 2026 der Landeshauptstadt Wiesbaden;CSV, HTML;2026-04-20;https://opendata.cloud.wiesbaden.de/app/data-catalog/2d274edd-7fde-4b3c-be7b-86326642adc7;2d274edd-7fde-4b3c-be7b-86326642adc7;12_statistik_stadtforschung_lhw
Amt für Statistik und Stadtforschung, Landeshauptstadt Wiesbaden;SOCI;Bevölkerung und Gesellschaft;Wahlberechtigte, Brief- und Urnenwähler/-innen zu den Ausländerbeiratswahlen in Wiesbaden - 2010 bis 2026;Bestandteil der Wahlanalyse zur Kommunalwahl 2026 der Landeshauptstadt Wiesbaden;CSV, HTML;2026-04-20;https://opendata.cloud.wiesbaden.de/app/data-catalog/5762a573-b13c-47a4-8097-107a3a9976c9;5762a573-b13c-47a4-8097-107a3a9976c9;12_statistik_stadtforschung_lhw
Amt für Statistik und Stadtforschung, Landeshauptstadt Wiesbaden;SOCI;Bevölkerung und Gesellschaft;Wahlberechtigte, Brief- und Urnenwähler/-innen zur Stadtverordnetenwahl in Wiesbaden - 2011 bis 2026;Bestandteil der Wahlanalyse zur Kommunalwahl 2026 der Landeshauptstadt Wiesbaden;CSV, HTML;2026-04-20;https://opendata.cloud.wiesbaden.de/app/data-catalog/2c3cbc60-2518-43d8-9c7a-66b0db8eed1a;2c3cbc60-2518-43d8-9c7a-66b0db8eed1a;12_statistik_stadtforschung_lhw
Amt für Statistik und Stadtforschung, Landeshauptstadt Wiesbaden;SOCI;Bevölkerung und Gesellschaft;Wahlbeteiligung bei Bundestags-, Landtags-, Europa- und Kommunalwahlen in Wiesbaden - 1972 bis 2026;Bestandteil der Wahlanalyse zur Kommunalwahl 2026 der Landeshauptstadt Wiesbaden;CSV, HTML;2026-04-20;https://opendata.cloud.wiesbaden.de/app/data-catalog/52c26e59-971a-4eac-a2b1-f6cc781de61a;52c26e59-971a-4eac-a2b1-f6cc781de61a;12_statistik_stadtforschung_lhw
Amt für Statistik und Stadtforschung, Landeshauptstadt Wiesbaden;SOCI;Bevölkerung und Gesellschaft;Wahlbeteiligung nach Alter und Geschlecht bei der Kommunalwahl - 2026 und 2021;Wahlbeteiligung nach Alter und Geschlecht bei der Kommunalwahl - 2026 und 2021;CSV, HTML;2026-06-19;https://opendata.cloud.wiesbaden.de/app/data-catalog/4e8f9390-00f7-4e29-b736-51774eedcba1;4e8f9390-00f7-4e29-b736-51774eedcba1;12_statistik_stadtforschung_lhw
Amt für Statistik und Stadtforschung, Landeshauptstadt Wiesbaden;SOCI;Bevölkerung und Gesellschaft;Wahlbeteiligung nach Ortsbezirken zur Stadtverordnetenwahl in Wiesbaden - 2026;Bestandteil der Wahlanalyse zur Kommunalwahl 2026 der Landeshauptstadt Wiesbaden;CSV, HTML;2026-04-20;https://opendata.cloud.wiesbaden.de/app/data-catalog/b08775e5-1d19-4410-be97-fcf9b07ceb82;b08775e5-1d19-4410-be97-fcf9b07ceb82;12_statistik_stadtforschung_lhw
Amt für Statistik und Stadtforschung, Landeshauptstadt Wiesbaden;SOCI;Bevölkerung und Gesellschaft;Wahlverhalten nach Alter bei der Kommunalwahl -2026;Wahlverhalten nach Alter bei der Kommunalwahl -2026;CSV, HTML;2026-06-19;https://opendata.cloud.wiesbaden.de/app/data-catalog/a731dc40-9ec3-4cb6-8e12-55777c02f306;a731dc40-9ec3-4cb6-8e12-55777c02f306;12_statistik_stadtforschung_lhw
Amt für Statistik und Stadtforschung, Landeshauptstadt Wiesbaden;SOCI;Bevölkerung und Gesellschaft;Wahlverhalten von Frauen nach Alter bei der Kommunalwahl -2026;Wahlverhalten von Frauen nach Alter bei der Kommunalwahl -2026;CSV, HTML;2026-06-19;https://opendata.cloud.wiesbaden.de/app/data-catalog/7d7b64d6-05cd-45c7-85e5-0075be3873df;7d7b64d6-05cd-45c7-85e5-0075be3873df;12_statistik_stadtforschung_lhw
Amt für Statistik und Stadtforschung, Landeshauptstadt Wiesbaden;SOCI;Bevölkerung und Gesellschaft;Wahlverhalten von Männern nach Alter bei der Kommunalwahl -2026;Wahlverhalten von Männern nach Alter bei der Kommunalwahl -2026;CSV, HTML;2026-06-19;https://opendata.cloud.wiesbaden.de/app/data-catalog/24e2a622-ee90-4b46-81d4-f7572b6d6a38;24e2a622-ee90-4b46-81d4-f7572b6d6a38;12_statistik_stadtforschung_lhw
Amt für Statistik und Stadtforschung, Landeshauptstadt Wiesbaden;SOCI;Bevölkerung und Gesellschaft;Übersicht der Wahlvorschläge zu den Ausländerbeiratswahlen in Wiesbaden - 2026;Bestandteil der Wahlanalyse zur Kommunalwahl 2026 der Landeshauptstadt Wiesbaden;CSV, HTML;2026-04-20;https://opendata.cloud.wiesbaden.de/app/data-catalog/32ed74b8-752d-4095-ba9c-8147831241ee;32ed74b8-752d-4095-ba9c-8147831241ee;12_statistik_stadtforschung_lhw
Amt für Statistik und Stadtforschung, Landeshauptstadt Wiesbaden;SOCI;Bevölkerung und Gesellschaft;Übersicht der Wahlvorschläge zu den Ortsbeiratswahlen in Wiesbaden - 2026;Bestandteil der Wahlanalyse zur Kommunalwahl 2026 der Landeshauptstadt Wiesbaden;CSV, HTML;2026-04-20;https://opendata.cloud.wiesbaden.de/app/data-catalog/c7cade96-6970-476b-9ed0-79b265fcbe6b;c7cade96-6970-476b-9ed0-79b265fcbe6b;12_statistik_stadtforschung_lhw
Amt für Statistik und Stadtforschung, Landeshauptstadt Wiesbaden;SOCI;Bevölkerung und Gesellschaft;Übersicht der Wahlvorschläge zur Stadtverordnetenwahl in Wiesbaden - 2026;Bestandteil der Wahlanalyse zur Kommunalwahl 2026 der Landeshauptstadt Wiesbaden;CSV, HTML;2026-04-20;https://opendata.cloud.wiesbaden.de/app/data-catalog/1f477aae-dd60-4c8e-b4f0-7e3e35a25eea;1f477aae-dd60-4c8e-b4f0-7e3e35a25eea;12_statistik_stadtforschung_lhw
Amt für Statistik und Stadtforschung, Landeshauptstadt Wiesbaden;SOCI, EDUC, REGI;Bevölkerung und Gesellschaft / Bildung, Kultur und Sport / Regionen und Städte;Langzeitübersicht Bildung in Wiesbaden - 2016 bis 2024;"Dieser Datensatz ist ein Auszug aus dem Statistischen Informationssystems des Amtes für Statistik und Stadtforschung aus dem Kapitel 'Bildung und Ausbildung'. Die Erhebungen an den allgemeinbildenden und den beruflichen Schulen beruhen auf einer Verordnung des Hessischen Kultusministeriums; sie werden jährlich im Herbst zu Beginn des Schuljahres durchgeführt und erstrecken sich auf alle öffentlichen und privaten Schulen. Alle Angaben beziehen sich auf den Schulort Wiesbaden – unabhängig vom Wohnort der Schülerinnen und Schüler. Quelle: Hessisches Statistisches Landesamt Erläuterungen: - Schulen verschiedener Bildungsgänge können in Gesamtschulen zu einer pädagogischen, organisatorischen und räumlichen Einheit zusammengefasst werden. In Wiesbaden wird derzeit nur noch die integrierte Gesamtschule geführt, in der die einzelnen Schulformen aufgehoben sind und der Unterricht stattdessen nach dem Kursprinzip organisiert wird. Die integrierte Gesamtschule beginnt mit der Jahrgangsstufe 5 und endet mit der Jahrgangsstufe 10. Neben dem Hauptschulabschluss kann die Mittlere Reife erworben werden. - Seit dem Schuljahr 2015/2016 gibt es Intensivklassen für Schülerinnen und Schüler aus dem Ausland, die grundlegende Kenntnisse der deutschen Sprache erwerben müssen. - Migrationshintergrund: Bei Schülerinnen und Schülern ist ein Migrationshintergrund anzunehmen, wenn mindestens eines der folgenden Merkmale zutrifft: mindestens eine nichtdeutsche Staatsangehörigkeit; nichtdeutsches Geburtsland; nichtdeutsche Verkehrssprache in der Familie bzw. im häuslichen Umfeld. Spaltenübersicht: - Schuljahr - Schülerinnen und Schüler an allgemeinbildenden Schulen - Schülerinnen an allgemeinbildenden Schulen - Ausländische Schülerinnen und Schüler an allgemeinbildenden Schulen - Schülerinnen und Schüler mit Migrationshintergrund an allgemeinbildenden Schulen - Grundschülerinnen und Grundschüler an allgemeinbildenden Schulen - Hauptschülerinnen und Hauptschüler an allgemeinbildenden Schulen - Realschülerinnen und Realschüler an allgemeinbildenden Schulen - Gymnasiastinnen und Gymnasiasten an allgemeinbildenden Schulen - Schülerinnen und Schüler in integrierten Gesamtschulen an allgemeinbildenden Schulen - Förderschülerinnen und Förderschüler an allgemeinbildenden Schulen - Mittelstufenschülerinnen und Mittelstufenschüler an allgemeinbildenden Schulen - Schülerinnen und Schüler in Intensivklassen für Seiteneinsteiger an allgemeinbildenden Schulen Weitere Informationen und Graphiken sind zu finden im Kapitel 'Bildung und Ausbildung' unter https://www.wiesbaden.de/jahrbuch. Bei Fragen und Wünschen bitte an das Postfach statistik@wiesbaden.de wenden.";CSV, JSON;2026-01-14;https://opendata.cloud.wiesbaden.de/app/data-catalog/bcbdd0ed-027b-42fb-a3d5-b895eeb54c8c;bcbdd0ed-027b-42fb-a3d5-b895eeb54c8c;12_statistik_stadtforschung_lhw
Amt für Statistik und Stadtforschung, Landeshauptstadt Wiesbaden;SOCI, EDUC, REGI;Bevölkerung und Gesellschaft / Bildung, Kultur und Sport / Regionen und Städte;Schulentlassene aus beruflichen Schulen in Wiesbaden - 2016 bis 2024;"Dieser Datensatz ist ein Auszug aus dem Statistischen Informationssystems des Amtes für Statistik und Stadtforschung aus dem Kapitel 'Bildung und Ausbildung'. Die Erhebungen an den allgemeinbildenden und den beruflichen Schulen beruhen auf einer Verordnung des Hessischen Kultusministeriums; sie werden jährlich im Herbst zu Beginn des Schuljahres durchgeführt und erstrecken sich auf alle öffentlichen und privaten Schulen. Alle Angaben beziehen sich auf den Schulort Wiesbaden – unabhängig vom Wohnort der Schülerinnen und Schüler. Aus Gründen des Datenschutzes und der statistischen Geheimhaltung werden Einzelwerte mit sehr geringen Fallzahlen nicht ausgewiesen. Betroffene Werte sind in den bereitgestellten Daten als fehlend gekennzeichnet (leeres Feld im CSV bzw. null im JSON). Quelle: Hessisches Statistisches Landesamt Erläuterungen: - Schulentlassene werden nach der Art ihres Abschlusses nachgewiesen: ohne Hauptschulabschluss: einschließlich schulartspezifischem Förderschulabschluss, mit Hauptschulabschluss - einschließlich qualifizierendem Hauptschulabschluss; mit Realschulabschluss - einschließlich qualifizierendem Realschulabschuss, mit Fachhochschulreife, mit allgemeiner Hochschulreife - Da das System der beruflichen Ausbildung durch eine zunehmende Ausdifferenzierung gekennzeichnet ist, unterscheiden wir nach dem Bildungsziel fünf verschiedene Teilsysteme. Die duale Berufsausbildung führt zu einem gesetzlich anerkannten Ausbildungsberuf, wobei die Ausbildung parallel in Betrieben und Berufsschulen stattfindet. Auch die rein Schulische Berufsausbildung führt zu einem gesetzlich anerkannten Ausbildungsberuf. Bildungsangebote des Beruflichen Übergangs führen dagegen zu keinem Ausbildungsabschluss, sondern dienen lediglich zur Verbesserung der individuellen Kompetenzen von Jugendlichen zur Aufnahme einer Ausbildung oder Beschäftigung. Bildungsangebote des Schulischen Übergangs vermitteln neben Teilen einer Berufsausbildung vor allem eine Studienberechtigung. Bildungsangebote der Beruflichen Weiterbildung bauen auf einer beruflichen Erstqualifikation auf und vertiefen die berufliche Fachbildung. Allgemeinbildende schulische Abschlüsse können dabei vielfach in beruflichen Schulen nachgeholt werden. Spaltenübersicht: - Jahr - Schulentlassene aus beruflichen Schulen - Schulentlassene aus beruflichen Schulen ohne Abschluss - Schulentlassene aus beruflichen Schulen ohne Abschluss aus dem beruflichem Übergang - Schulentlassene aus beruflichen Schulen mit Abschluss aus dem dualen System - Schulentlassene aus beruflichen Schulen mit Abschluss aus dem dualen System mit Berufsabschluss - Schulentlassene aus beruflichen Schulen mit Abschluss aus dem dualen System mit Berufsabschluss und allgemeinbildendem Schulabsc - Schulentlassene aus beruflichen Schulen mit Abschluss aus der schulischen Berufsausbildung - Schulentlassene aus beruflichen Schulen mit Abschluss aus der schulischen Berufsausbildung mit Berufsabschluss - Schulentlassene aus beruflichen Schulen mit Abschluss aus der schulischen Berufsausbildung mit Berufsabschluss und Fachhochschul - Schulentlassene aus beruflichen Schulen mit Abschluss aus dem beruflichen Übergang - Schulentlassene aus beruflichen Schulen mit Abschluss aus dem beruflichen Übergang mit beruflicher Grundbildung - Schulentlassene aus beruflichen Schulen mit Abschluss aus dem beruflichen Übergang mit allgemeinbildendem Schulabschluss und ber - Schulentlassene aus beruflichen Schulen mit Abschluss aus dem schulischen Übergang - Schulentlassene aus beruflichen Schulen mit Abschluss aus dem schulischen Übergang mit Fachhochschulreife - Schulentlassene aus beruflichen Schulen mit Abschluss aus dem schulischen Übergang mit Abitur - Schulentlassene aus beruflichen Schulen aus der beruflichen Weiterbildung - Schulentlassene aus beruflichen Schulen aus der beruflichen Weiterbildung mit beruflicher Höherqualifizierung - Schulentlassene aus beruflichen Schulen aus der beruflichen Weiterbildung mit Fachhochschulreife - Schulentlassene Schülerinnen aus beruflichen Schulen - Schulentlassene Schülerinnen aus beruflichen Schulen ohne Abschluss - Schulentlassene Schülerinnen aus beruflichen Schulen ohne Abschluss aus dem beruflichem Übergang - Schulentlassene Schülerinnen aus beruflichen Schulen mit Abschluss aus dem dualen System - Schulentlassene Schülerinnen aus beruflichen Schulen mit Abschluss aus dem dualen System mit Berufsabschluss - Schulentlassene Schülerinnen aus beruflichen Schulen mit Abschluss aus dem dualen System mit Berufsabschluss und allgemeinbilden - Schulentlassene Schülerinnen aus beruflichen Schulen mit Abschluss aus der schulischen Berufsausbildung - Schulentlassene Schülerinnen aus beruflichen Schulen mit Abschluss aus der schulischen Berufsausbildung mit Berufsabschluss - Schulentlassene Schülerinnen aus beruflichen Schulen mit Abschluss aus der schulischen Berufsausbildung mit Berufsabschluss und - Schulentlassene Schülerinnen aus beruflichen Schulen mit Abschluss aus dem beruflichen Übergang - Schulentlassene Schülerinnen aus beruflichen Schulen mit Abschluss aus dem beruflichen Übergang mit beruflicher Grundbildung - Schulentlassene Schülerinnen aus beruflichen Schulen mit Abschluss aus dem beruflichen Übergang mit allgemeinbildendem Schulabsc - Schulentlassene Schülerinnen aus beruflichen Schulen mit Abschluss aus dem schulischen Übergang - Schulentlassene Schülerinnen aus beruflichen Schulen mit Abschluss aus dem schulischen Übergang mit Fachhochschulreife - Schulentlassene Schülerinnen aus beruflichen Schulen mit Abschluss aus dem schulischen Übergang mit Abitur - Schulentlassene Schülerinnen aus beruflichen Schulen aus der beruflichen Weiterbildung - Schulentlassene Schülerinnen aus beruflichen Schulen aus der beruflichen Weiterbildung mit beruflicher Höherqualifizierung - Schulentlassene Schülerinnen aus beruflichen Schulen aus der beruflichen Weiterbildung mit Fachhochschulreife - Schulentlassene ausländische Schülerinnen und Schüler aus beruflichen Schulen - Schulentlassene ausländische Schülerinnen und Schüler aus beruflichen Schulen ohne Abschluss - Schulentlassene ausländische Schülerinnen und Schüler aus beruflichen Schulen ohne Abschluss aus dem beruflichem Übergang - Schulentlassene ausländische Schülerinnen und Schüler aus beruflichen Schulen mit Abschluss aus dem dualen System - Schulentlassene ausländische Schülerinnen und Schüler aus beruflichen Schulen mit Abschluss aus dem dualen System mit Berufsabsc - Schulentlassene ausländische Schülerinnen und Schüler aus beruflichen Schulen mit Abschluss aus dem dualen System mit Berufsabsc.1 - Schulentlassene ausländische Schülerinnen und Schüler aus beruflichen Schulen mit Abschluss aus der schulischen Berufsausbildung - Schulentlassene ausländische Schülerinnen und Schüler aus beruflichen Schulen mit Abschluss aus der schulischen Berufsausbildung.1 - Schulentlassene ausländische Schülerinnen und Schüler aus beruflichen Schulen mit Abschluss aus der schulischen Berufsausbildung.2 - Schulentlassene ausländische Schülerinnen und Schüler aus beruflichen Schulen mit Abschluss aus dem beruflichen Übergang - Schulentlassene ausländische Schülerinnen und Schüler aus beruflichen Schulen mit Abschluss aus dem beruflichen Übergang mit ber - Schulentlassene ausländische Schülerinnen und Schüler aus beruflichen Schulen mit Abschluss aus dem beruflichen Übergang mit all - Schulentlassene ausländische Schülerinnen und Schüler aus beruflichen Schulen mit Abschluss aus dem schulischen Übergang - Schulentlassene ausländische Schülerinnen und Schüler aus beruflichen Schulen mit Abschluss aus dem schulischen Übergang mit Fac - Schulentlassene ausländische Schülerinnen und Schüler aus beruflichen Schulen mit Abschluss aus dem schulischen Übergang mit Abi - Schulentlassene ausländische Schülerinnen und Schüler aus beruflichen Schulen aus der beruflichen Weiterbildung - Schulentlassene ausländische Schülerinnen und Schüler aus beruflichen Schulen aus der beruflichen Weiterbildung mit beruflicher - Schulentlassene ausländische Schülerinnen und Schüler aus beruflichen Schulen aus der beruflichen Weiterbildung mit Fachhochschu Weitere Informationen und Graphiken sind zu finden im Kapitel 'Bildung und Ausbildung' unter https://www.wiesbaden.de/jahrbuch. Bei Fragen und Wünschen bitte an das Postfach statistik@wiesbaden.de wenden.";CSV, JSON;2026-01-14;https://opendata.cloud.wiesbaden.de/app/data-catalog/76f59dfd-38b6-4e6f-a335-603e57a0a1c6;76f59dfd-38b6-4e6f-a335-603e57a0a1c6;12_statistik_stadtforschung_lhw
Amt für Statistik und Stadtforschung, Landeshauptstadt Wiesbaden;SOCI, EDUC, REGI;Bevölkerung und Gesellschaft / Bildung, Kultur und Sport / Regionen und Städte;Schülerinnen und Schüler an allgemeinbildenden Schulen in Wiesbaden - 2016 bis 2024;"Dieser Datensatz ist ein Auszug aus dem Statistischen Informationssystems des Amtes für Statistik und Stadtforschung aus dem Kapitel 'Bildung und Ausbildung'. Die Erhebungen an den allgemeinbildenden und den beruflichen Schulen beruhen auf einer Verordnung des Hessischen Kultusministeriums; sie werden jährlich im Herbst zu Beginn des Schuljahres durchgeführt und erstrecken sich auf alle öffentlichen und privaten Schulen. Alle Angaben beziehen sich auf den Schulort Wiesbaden – unabhängig vom Wohnort der Schülerinnen und Schüler. Aus Gründen des Datenschutzes und der statistischen Geheimhaltung werden Einzelwerte mit sehr geringen Fallzahlen nicht ausgewiesen. Betroffene Werte sind in den bereitgestellten Daten als fehlend gekennzeichnet (leeres Feld im CSV bzw. null im JSON). Quelle: Hessisches Statistisches Landesamt Erläuterungen: - Migrationshintergrund: Bei Schülerinnen und Schülern ist ein Migrationshintergrund anzunehmen, wenn mindestens eines der folgenden Merkmale zutrifft: mindestens eine nichtdeutsche Staatsangehörigkeit; nichtdeutsches Geburtsland; nichtdeutsche Verkehrssprache in der Familie bzw. im häuslichen Umfeld. Spaltenübersicht: - Jahr - Schüler/-innen gesamt - Grundschüler/-innen gesamt - Hauptschüler/-innen gesamt - Realschüler/-innen gesamt - Mittelstufenschüler/-innen gesamt - Gymnasialschüler/-innen gesamt - IGS-Schüler/-innen gesamt - Förderschüler/-innen gesamt - o.A. (Seiteneinsteiger) gesamt - Schülerinnen gesamt - Grundschülerinnen - Hauptschülerinnen - Realschülerinnen - Mittelstufenschülerinnen - Gymnasialschülerinnen - IGS-Schülerinnen - Förderschülerinnen - Seiteneinsteigerinnen - ausländische Schüler/-innen - ausländische Grundschüler/-innen - ausländische Hauptschüler/-innen - ausländische Realschüler/-innen - ausländische Mittelstufenschüler/-innen - ausländische Gymnasialschüler/-innen - ausländische IGS-Schüler/-innen - ausländische Förderschüler/-innen - ausländische Seiteneinsteiger/-innen - Schüler/-innen mit Migrationshintergrund - Grundschüler/-innen mit Migrationshintergrund - Hauptschüler/-innen mit Migrationshintergrund - Realschüler/-innen mit Migrationshintergrund - Mittelstufenschüler/-innen mit Migrationshintergrund - Gymnasialschüler/-innen mit Migrationshintergrund - IGS-Schüler/-innen mit Migrationshintergrund - Förderschüler/-innen mit Migrationshintergrund - Seiteneinsteiger/-innen mit Migrationshintergrund - Privatschüler/-innen gesamt - Grundschüler/-innen privat - Hauptschüler/-innen privat - Realschüler/-innen privat - Mittelstufenschüler/-innen privat - Gymnasialschüler/-innen privat - IGS-Schüler/-innen privat - Förderschüler/-innen privat - Seiteneinsteiger/-innen privat Weitere Informationen und Graphiken sind zu finden im Kapitel 'Bildung und Ausbildung' unter https://www.wiesbaden.de/jahrbuch. Bei Fragen und Wünschen bitte an das Postfach statistik@wiesbaden.de wenden.";CSV, JSON;2026-01-14;https://opendata.cloud.wiesbaden.de/app/data-catalog/61bd11e9-2d59-4421-a521-716185fa60f5;61bd11e9-2d59-4421-a521-716185fa60f5;12_statistik_stadtforschung_lhw
Amt für Statistik und Stadtforschung, Landeshauptstadt Wiesbaden;SOCI, REGI;Bevölkerung und Gesellschaft / Regionen und Städte;Baufertigstellungen Wohnungen in Wiesbaden – 2011 bis 2024;Dieser Datensatz ist ein Auszug aus dem Statistischen Informationssystems des Amtes für Statistik und Stadtforschung aus dem Kapitel 'Bauen und Wohnen'. Quelle: Hessisches Statistisches Landesamt Erläuterungen: - Als Wohnung gilt die Gesamtheit der Räume, die zur Unterbringung eines Haushalts bestimmt ist und die eine eigene Küche oder Kochnische sowie einen eigenen Wohnungseingang aufweist. - Wohngebäude sind Gebäude, die mindestens zur Hälfte (gemessen an der Gesamtnutzfläche) Wohnzwecken dienen. - Nichtwohngebäude sind Gebäude, die überwiegend für Nichtwohnzwecke (gemessen an der Gesamtnutzfläche) bestimmt sind. Hierzu zählen beispielsweise Bürogebäude, gewerbliche Betriebsgebäude oder Schulgebäude. Als Nichtwohngebäude werden aber auch Gebäude mit gemischter Nutzung gezählt, bei denen weniger als die Hälfte Wohnzwecken dient. - Baugenehmigungen, Baufertigstellungen und Bauabgänge sind Erhebungsgegenstand der Hochbaustatistik. Erfasst werden alle genehmigungs-, zustimmungs- oder anzeigepflichtigen Baumaßnahmen, bei denen Wohnraum oder sonstiger Nutzraum geschaffen, verändert oder der Nutzung (z.B. durch Abbruch) entzogen wird. Die Statistik der Baugenehmigungen gibt Aufschluss über das Ausmaß der geplanten Baumaßnahmen und die voraussichtliche Entwicklung der Bauwirtschaft. Die Baufertigstellungen werden im gleichen Umfang wie die Baugenehmigungen erfasst. Ebenso wird der Abgang an Gebäuden, Wohnungen und Wohnräumen durch Abbruch bzw. Nutzungsänderung registriert. Spaltenübersicht: - Jahr - Fertiggestellte Wohngebäude - Fertiggestellte Gebäude mit 1 und 2 Wohnungen - Fertiggestellte Gebäude mit 3 und mehr Wohnungen - Fertiggestellte Nichtwohngebäude - Fertiggestellte Büro- und Verwaltungsgebäude - Fertiggestellte Betriebsgebäude - Fertiggestellte Nutzfläche in qm von Nichtwohngebäuden - Zu- / Abgang von Wohnungen an bestehenden Gebäuden in der Baufertiggestellung Weitere Informationen und Graphiken sind zu finden im Kapitel 'Bauen und Wohnen' unter https://www.wiesbaden.de/jahrbuch. Bei Fragen und Wünschen bitte an das Postfach statistik@wiesbaden.de wenden.;CSV, JSON;2026-01-14;https://opendata.cloud.wiesbaden.de/app/data-catalog/f162b8cd-5b50-428c-8d21-8f37566203f6;f162b8cd-5b50-428c-8d21-8f37566203f6;12_statistik_stadtforschung_lhw
Amt für Statistik und Stadtforschung, Landeshauptstadt Wiesbaden;SOCI, REGI;Bevölkerung und Gesellschaft / Regionen und Städte;Immobilienmarkt Wohnbauland Bodenrichtwert in Wiesbaden – 2000 bis 2024;Dieser Datensatz ist ein Auszug aus dem Statistischen Informationssystems des Amtes für Statistik und Stadtforschung aus dem Kapitel 'Bauen und Wohnen'. Quelle: Gutachterausschuss für Immobilienwerte für den Bereich der Stadt Wiesbaden Erläuterungen: - Als Wohnung gilt die Gesamtheit der Räume, die zur Unterbringung eines Haushalts bestimmt ist und die eine eigene Küche oder Kochnische sowie einen eigenen Wohnungseingang aufweist. - Eigentumswohnungen sind Wohnungen, an denen durch Eintragung im Grundbuch Eigentum nach dem Wohnungseigentumsgesetz begründet worden ist. Zum Wohnungseigentum gehören das Sondereigentum an einer Wohnung sowie ein Miteigentumsanteil am Grundstück und an gemeinschaftlichen Gebäudeteilen. Ein Wohngebäude besteht entweder ausschließlich aus Eigentumswohnungen, oder es befindet sich überhaupt keine Eigentumswohnung darin. Eigentumswohnungen können vermietet oder von den Eigentümern selbst bewohnt sein. Spaltenübersicht: - Jahr - Bodenrichtwert: Durchschnittspreise (EUR pro qm) - Durchschnittspreise (1000 EUR): Doppelhaushälften - Durchschnittspreise (1000 EUR): Reihenhäuser - Durchschnittspreise (1000 EUR): freistehende Einfamilienhäuser - Durchschnittspreise (EUR pro qm): Eigentumswohnungen - Durchschnittspreise (EUR pro qm): Erstverkauf nach Umwandlung von Mietwohnungen - Durchschnittspreise (EUR pro qm): Neubauwohnungen - Durchschnittspreise (EUR pro qm): Wiederverkauf - Wohnbauland: Durchschnittspreise (EUR pro qm) Weitere Informationen und Graphiken sind zu finden im Kapitel 'Bauen und Wohnen' unter https://www.wiesbaden.de/jahrbuch. Bei Fragen und Wünschen bitte an das Postfach statistik@wiesbaden.de wenden.;CSV, JSON;2026-01-14;https://opendata.cloud.wiesbaden.de/app/data-catalog/c917b86d-396e-4fb8-a6be-f328f079101f;c917b86d-396e-4fb8-a6be-f328f079101f;12_statistik_stadtforschung_lhw
Amt für Statistik und Stadtforschung, Landeshauptstadt Wiesbaden;SOCI, REGI;Bevölkerung und Gesellschaft / Regionen und Städte;Kurzinfo Bevölkerungsbestand nach Ortsbezirken in Wiesbaden - August 2025;Dieser Datensatz ist ein Auszug aus den monatlichen Kurzinformationen über den Bevölkerungsbestand des Amtes für Statistik und Stadtforschung. Im PDF Format erscheinen die Kurzinformation unter: https://www.wiesbaden.de/leben-in-wiesbaden/stadtportraet/daten-fakten/statistik-aktuell. Der Feststellung der Bevölkerungszahl liegt der Begriff der Bevölkerung am Ort der alleinigen bzw. Hauptwohnung zu Grunde. Zur Bevölkerung zählen demnach auch die mit Hauptwohnsitz gemeldeten ausländischen und staatenlosen Personen, nicht dagegen die Personen, die nur mit Nebenwohnsitz in Wiesbaden gemeldet sind. Ebenfalls nicht zur ausgewiesenen Bevölkerung gehören die Angehörigen der ausländischen Stationierungsstreitkräfte sowie deren Familien. Als Quelle für die Bevölkerungszahl in Wiesbaden gilt wie in anderen Städten und Kommunen dabei das Einwohnermeldewesen der Stadt, sodass sich die hier veröffentlichte Einwohnerzahl von der amtlichen Bevölkerungszahl unterscheidet, die von den Statistischen Landesämtern durch Fortschreibung der Volkszählungs- bzw. Zensusergebnisse ermittelt wird. Seit Einführung der Zweitwohnungssteuer am 1.1.2016 ist im Einwohnerregister von einer realistischen Zahl der Personen mit Nebenwohnsitz auszugehen, zusammen mit der Bevölkerung am Ort der Hauptwohnung bilden beide die wohnberechtigte Bevölkerung. Quelle: Melderegister, emeld21 Erläuterungen: - Als Ausländerinnen und Ausländer gelten Personen, die nicht die deutsche Staatsangehörigkeit besitzen. Dazu gehören auch Staatenlose und Personen mit ungeklärter Staatsangehörigkeit. Deutsche, die zugleich eine andere Staatsangehörigkeit besitzen, zählen dagegen nicht zu diesem Personenkreis. Die Klassifikation der Staatsangehörigkeiten basiert auf der vom Statistischen Bundesamt herausgegebenen Staats- und Gebietssystematik. Teilweise gibt es im Einwohnermeldedatensatz noch Personen mit Staatsangehörigkeitsschlüsseln, die heute nicht mehr aktuell sind: So wird Jugoslawien-Altfall zu Serbien, Sowjetunion-Altfall zur Russischen Föderation, CSSR-Altfall zur Tschechischen Republik hinzugerechnet. Als ausländische EU-Bürger/-innen werden die Staatsangehörigen der Nationen bezeichnet, die zu dem jeweiligen Stichtag Mitglied der Europäischen Union sind. Spaltenübersicht: - ortsbezirk_id - ortsbezirk_name - bevoelkerung - frauen - deutsche - auslaender_innen Weitere jährliche Informationen und Graphiken sind zu finden im Kapitel 'Bevölkerung' unter https://www.wiesbaden.de/jahrbuch. Bei Fragen und Wünschen bitte an das Postfach statistik@wiesbaden.de wenden.;CSV, JSON;2026-01-16;https://opendata.cloud.wiesbaden.de/app/data-catalog/302cde9f-779c-428b-97fb-1846c0c650c3;302cde9f-779c-428b-97fb-1846c0c650c3;12_statistik_stadtforschung_lhw
Amt für Statistik und Stadtforschung, Landeshauptstadt Wiesbaden;SOCI, REGI;Bevölkerung und Gesellschaft / Regionen und Städte;Kurzinfo Bevölkerungsbestand nach Ortsbezirken in Wiesbaden - Februar 2025;Dieser Datensatz ist ein Auszug aus den monatlichen Kurzinformationen über den Bevölkerungsbestand des Amtes für Statistik und Stadtforschung. Im PDF Format erscheinen die Kurzinformation unter: https://www.wiesbaden.de/leben-in-wiesbaden/stadtportraet/daten-fakten/statistik-aktuell. Der Feststellung der Bevölkerungszahl liegt der Begriff der Bevölkerung am Ort der alleinigen bzw. Hauptwohnung zu Grunde. Zur Bevölkerung zählen demnach auch die mit Hauptwohnsitz gemeldeten ausländischen und staatenlosen Personen, nicht dagegen die Personen, die nur mit Nebenwohnsitz in Wiesbaden gemeldet sind. Ebenfalls nicht zur ausgewiesenen Bevölkerung gehören die Angehörigen der ausländischen Stationierungsstreitkräfte sowie deren Familien. Als Quelle für die Bevölkerungszahl in Wiesbaden gilt wie in anderen Städten und Kommunen dabei das Einwohnermeldewesen der Stadt, sodass sich die hier veröffentlichte Einwohnerzahl von der amtlichen Bevölkerungszahl unterscheidet, die von den Statistischen Landesämtern durch Fortschreibung der Volkszählungs- bzw. Zensusergebnisse ermittelt wird. Seit Einführung der Zweitwohnungssteuer am 1.1.2016 ist im Einwohnerregister von einer realistischen Zahl der Personen mit Nebenwohnsitz auszugehen, zusammen mit der Bevölkerung am Ort der Hauptwohnung bilden beide die wohnberechtigte Bevölkerung. Quelle: Melderegister, emeld21 Erläuterungen: - Als Ausländerinnen und Ausländer gelten Personen, die nicht die deutsche Staatsangehörigkeit besitzen. Dazu gehören auch Staatenlose und Personen mit ungeklärter Staatsangehörigkeit. Deutsche, die zugleich eine andere Staatsangehörigkeit besitzen, zählen dagegen nicht zu diesem Personenkreis. Die Klassifikation der Staatsangehörigkeiten basiert auf der vom Statistischen Bundesamt herausgegebenen Staats- und Gebietssystematik. Teilweise gibt es im Einwohnermeldedatensatz noch Personen mit Staatsangehörigkeitsschlüsseln, die heute nicht mehr aktuell sind: So wird Jugoslawien-Altfall zu Serbien, Sowjetunion-Altfall zur Russischen Föderation, CSSR-Altfall zur Tschechischen Republik hinzugerechnet. Als ausländische EU-Bürger/-innen werden die Staatsangehörigen der Nationen bezeichnet, die zu dem jeweiligen Stichtag Mitglied der Europäischen Union sind. Spaltenübersicht: - ortsbezirk_id - ortsbezirk_name - bevoelkerung - frauen - deutsche - auslaender_innen Weitere jährliche Informationen und Graphiken sind zu finden im Kapitel 'Bevölkerung' unter https://www.wiesbaden.de/jahrbuch. Bei Fragen und Wünschen bitte an das Postfach statistik@wiesbaden.de wenden.;CSV, JSON;2026-01-16;https://opendata.cloud.wiesbaden.de/app/data-catalog/b386ec7a-163d-4056-9dcf-b7b2a7374b70;b386ec7a-163d-4056-9dcf-b7b2a7374b70;12_statistik_stadtforschung_lhw
Amt für Statistik und Stadtforschung, Landeshauptstadt Wiesbaden;SOCI, REGI;Bevölkerung und Gesellschaft / Regionen und Städte;Kurzinfo Bevölkerungsbestand nach Ortsbezirken in Wiesbaden - Januar 2025;Dieser Datensatz ist ein Auszug aus den monatlichen Kurzinformationen über den Bevölkerungsbestand des Amtes für Statistik und Stadtforschung. Im PDF Format erscheinen die Kurzinformation unter: https://www.wiesbaden.de/leben-in-wiesbaden/stadtportraet/daten-fakten/statistik-aktuell. Der Feststellung der Bevölkerungszahl liegt der Begriff der Bevölkerung am Ort der alleinigen bzw. Hauptwohnung zu Grunde. Zur Bevölkerung zählen demnach auch die mit Hauptwohnsitz gemeldeten ausländischen und staatenlosen Personen, nicht dagegen die Personen, die nur mit Nebenwohnsitz in Wiesbaden gemeldet sind. Ebenfalls nicht zur ausgewiesenen Bevölkerung gehören die Angehörigen der ausländischen Stationierungsstreitkräfte sowie deren Familien. Als Quelle für die Bevölkerungszahl in Wiesbaden gilt wie in anderen Städten und Kommunen dabei das Einwohnermeldewesen der Stadt, sodass sich die hier veröffentlichte Einwohnerzahl von der amtlichen Bevölkerungszahl unterscheidet, die von den Statistischen Landesämtern durch Fortschreibung der Volkszählungs- bzw. Zensusergebnisse ermittelt wird. Seit Einführung der Zweitwohnungssteuer am 1.1.2016 ist im Einwohnerregister von einer realistischen Zahl der Personen mit Nebenwohnsitz auszugehen, zusammen mit der Bevölkerung am Ort der Hauptwohnung bilden beide die wohnberechtigte Bevölkerung. Quelle: Melderegister, emeld21 Erläuterungen: - Als Ausländerinnen und Ausländer gelten Personen, die nicht die deutsche Staatsangehörigkeit besitzen. Dazu gehören auch Staatenlose und Personen mit ungeklärter Staatsangehörigkeit. Deutsche, die zugleich eine andere Staatsangehörigkeit besitzen, zählen dagegen nicht zu diesem Personenkreis. Die Klassifikation der Staatsangehörigkeiten basiert auf der vom Statistischen Bundesamt herausgegebenen Staats- und Gebietssystematik. Teilweise gibt es im Einwohnermeldedatensatz noch Personen mit Staatsangehörigkeitsschlüsseln, die heute nicht mehr aktuell sind: So wird Jugoslawien-Altfall zu Serbien, Sowjetunion-Altfall zur Russischen Föderation, CSSR-Altfall zur Tschechischen Republik hinzugerechnet. Als ausländische EU-Bürger/-innen werden die Staatsangehörigen der Nationen bezeichnet, die zu dem jeweiligen Stichtag Mitglied der Europäischen Union sind. Spaltenübersicht: - ortsbezirk_id - ortsbezirk_name - bevoelkerung - frauen - deutsche - auslaender_innen Weitere jährliche Informationen und Graphiken sind zu finden im Kapitel 'Bevölkerung' unter https://www.wiesbaden.de/jahrbuch. Bei Fragen und Wünschen bitte an das Postfach statistik@wiesbaden.de wenden.;CSV, JSON;2026-01-16;https://opendata.cloud.wiesbaden.de/app/data-catalog/28fb190c-fc1e-4716-aa6f-4378f85da4fc;28fb190c-fc1e-4716-aa6f-4378f85da4fc;12_statistik_stadtforschung_lhw
Amt für Statistik und Stadtforschung, Landeshauptstadt Wiesbaden;SOCI, REGI;Bevölkerung und Gesellschaft / Regionen und Städte;Kurzinfo Bevölkerungsbestand nach Ortsbezirken in Wiesbaden - Januar 2026;Dieser Datensatz beinhaltet aktuelle Kurzinformationen aus der Wiesbadener Statistik zum Thema Bevölkerungsbestand in den Ortsbezirken am 31.01.2026. Weitere jährliche Informationen und Graphiken sind zu finden im Kapitel 'Bevölkerung' unter https://www.wiesbaden.de/jahrbuch. Bei Fragen und Wünschen bitte an das Postfach statistik@wiesbaden.de wenden. Hinweis zur Geheimhaltung: Zur Wahrung des Datenschutzes und statistischer Geheimhaltung wurden Zellen mit kleinen Fallzahlen angepasst. Für alle numerischen Werte gilt: Werte kleiner als 3 werden auf 0 gesetzt, Werte zwischen 3 und 5 werden auf 5 gerundet. Zusätzlich wird bei Bedarf eine weitere Zelle auf 5 gesetzt, um Rückschlüsse über Rand- bzw. Gesamtsummen zu vermeiden.;CSV, JSON;2026-02-02;https://opendata.cloud.wiesbaden.de/app/data-catalog/8f6a60dc-bb88-4752-aede-330b13a73677;8f6a60dc-bb88-4752-aede-330b13a73677;12_statistik_stadtforschung_lhw
Amt für Statistik und Stadtforschung, Landeshauptstadt Wiesbaden;SOCI, REGI;Bevölkerung und Gesellschaft / Regionen und Städte;Kurzinfo Bevölkerungsbestand nach Ortsbezirken in Wiesbaden - März 2025;Dieser Datensatz ist ein Auszug aus den monatlichen Kurzinformationen über den Bevölkerungsbestand des Amtes für Statistik und Stadtforschung. Im PDF Format erscheinen die Kurzinformation unter: https://www.wiesbaden.de/leben-in-wiesbaden/stadtportraet/daten-fakten/statistik-aktuell. Der Feststellung der Bevölkerungszahl liegt der Begriff der Bevölkerung am Ort der alleinigen bzw. Hauptwohnung zu Grunde. Zur Bevölkerung zählen demnach auch die mit Hauptwohnsitz gemeldeten ausländischen und staatenlosen Personen, nicht dagegen die Personen, die nur mit Nebenwohnsitz in Wiesbaden gemeldet sind. Ebenfalls nicht zur ausgewiesenen Bevölkerung gehören die Angehörigen der ausländischen Stationierungsstreitkräfte sowie deren Familien. Als Quelle für die Bevölkerungszahl in Wiesbaden gilt wie in anderen Städten und Kommunen dabei das Einwohnermeldewesen der Stadt, sodass sich die hier veröffentlichte Einwohnerzahl von der amtlichen Bevölkerungszahl unterscheidet, die von den Statistischen Landesämtern durch Fortschreibung der Volkszählungs- bzw. Zensusergebnisse ermittelt wird. Seit Einführung der Zweitwohnungssteuer am 1.1.2016 ist im Einwohnerregister von einer realistischen Zahl der Personen mit Nebenwohnsitz auszugehen, zusammen mit der Bevölkerung am Ort der Hauptwohnung bilden beide die wohnberechtigte Bevölkerung. Quelle: Melderegister, emeld21 Erläuterungen: - Als Ausländerinnen und Ausländer gelten Personen, die nicht die deutsche Staatsangehörigkeit besitzen. Dazu gehören auch Staatenlose und Personen mit ungeklärter Staatsangehörigkeit. Deutsche, die zugleich eine andere Staatsangehörigkeit besitzen, zählen dagegen nicht zu diesem Personenkreis. Die Klassifikation der Staatsangehörigkeiten basiert auf der vom Statistischen Bundesamt herausgegebenen Staats- und Gebietssystematik. Teilweise gibt es im Einwohnermeldedatensatz noch Personen mit Staatsangehörigkeitsschlüsseln, die heute nicht mehr aktuell sind: So wird Jugoslawien-Altfall zu Serbien, Sowjetunion-Altfall zur Russischen Föderation, CSSR-Altfall zur Tschechischen Republik hinzugerechnet. Als ausländische EU-Bürger/-innen werden die Staatsangehörigen der Nationen bezeichnet, die zu dem jeweiligen Stichtag Mitglied der Europäischen Union sind. Spaltenübersicht: - ortsbezirk_id - ortsbezirk_name - bevoelkerung - frauen - deutsche - auslaender_innen Weitere jährliche Informationen und Graphiken sind zu finden im Kapitel 'Bevölkerung' unter https://www.wiesbaden.de/jahrbuch. Bei Fragen und Wünschen bitte an das Postfach statistik@wiesbaden.de wenden.;CSV, JSON;2026-01-16;https://opendata.cloud.wiesbaden.de/app/data-catalog/1a4a406b-ae67-4865-b982-57734a92cb25;1a4a406b-ae67-4865-b982-57734a92cb25;12_statistik_stadtforschung_lhw
Amt für Statistik und Stadtforschung, Landeshauptstadt Wiesbaden;SOCI, REGI;Bevölkerung und Gesellschaft / Regionen und Städte;Kurzinfo Bevölkerungsbestand nach Ortsbezirken in Wiesbaden - Oktober 2025;Dieser Datensatz ist ein Auszug aus den monatlichen Kurzinformationen über den Bevölkerungsbestand des Amtes für Statistik und Stadtforschung. Im PDF Format erscheinen die Kurzinformation unter: https://www.wiesbaden.de/leben-in-wiesbaden/stadtportraet/daten-fakten/statistik-aktuell. Der Feststellung der Bevölkerungszahl liegt der Begriff der Bevölkerung am Ort der alleinigen bzw. Hauptwohnung zu Grunde. Zur Bevölkerung zählen demnach auch die mit Hauptwohnsitz gemeldeten ausländischen und staatenlosen Personen, nicht dagegen die Personen, die nur mit Nebenwohnsitz in Wiesbaden gemeldet sind. Ebenfalls nicht zur ausgewiesenen Bevölkerung gehören die Angehörigen der ausländischen Stationierungsstreitkräfte sowie deren Familien. Als Quelle für die Bevölkerungszahl in Wiesbaden gilt wie in anderen Städten und Kommunen dabei das Einwohnermeldewesen der Stadt, sodass sich die hier veröffentlichte Einwohnerzahl von der amtlichen Bevölkerungszahl unterscheidet, die von den Statistischen Landesämtern durch Fortschreibung der Volkszählungs- bzw. Zensusergebnisse ermittelt wird. Seit Einführung der Zweitwohnungssteuer am 1.1.2016 ist im Einwohnerregister von einer realistischen Zahl der Personen mit Nebenwohnsitz auszugehen, zusammen mit der Bevölkerung am Ort der Hauptwohnung bilden beide die wohnberechtigte Bevölkerung. Quelle: Melderegister, emeld21 Erläuterungen: - Als Ausländerinnen und Ausländer gelten Personen, die nicht die deutsche Staatsangehörigkeit besitzen. Dazu gehören auch Staatenlose und Personen mit ungeklärter Staatsangehörigkeit. Deutsche, die zugleich eine andere Staatsangehörigkeit besitzen, zählen dagegen nicht zu diesem Personenkreis. Die Klassifikation der Staatsangehörigkeiten basiert auf der vom Statistischen Bundesamt herausgegebenen Staats- und Gebietssystematik. Teilweise gibt es im Einwohnermeldedatensatz noch Personen mit Staatsangehörigkeitsschlüsseln, die heute nicht mehr aktuell sind: So wird Jugoslawien-Altfall zu Serbien, Sowjetunion-Altfall zur Russischen Föderation, CSSR-Altfall zur Tschechischen Republik hinzugerechnet. Als ausländische EU-Bürger/-innen werden die Staatsangehörigen der Nationen bezeichnet, die zu dem jeweiligen Stichtag Mitglied der Europäischen Union sind. Spaltenübersicht: - ortsbezirk_id - ortsbezirk_name - bevoelkerung - frauen - deutsche - auslaender_innen Weitere jährliche Informationen und Graphiken sind zu finden im Kapitel 'Bevölkerung' unter https://www.wiesbaden.de/jahrbuch. Bei Fragen und Wünschen bitte an das Postfach statistik@wiesbaden.de wenden.;CSV, JSON;2026-01-16;https://opendata.cloud.wiesbaden.de/app/data-catalog/b54a1269-ec0b-45c7-96f9-72a549af53da;b54a1269-ec0b-45c7-96f9-72a549af53da;12_statistik_stadtforschung_lhw
Amt für Statistik und Stadtforschung, Landeshauptstadt Wiesbaden;SOCI, REGI;Bevölkerung und Gesellschaft / Regionen und Städte;Kurzinfo Durchschnittsalter nach Ortsbezirken in Wiesbaden - Januar 2026;Dieser Datensatz beinhaltet aktuelle Kurzinformationen aus der Wiesbadener Statistik zum Thema Durchschnittsalter in den Ortsbezirken am 31.01.2026. Weitere jährliche Informationen und Graphiken sind zu finden im Kapitel 'Bevölkerung' unter https://www.wiesbaden.de/jahrbuch. Bei Fragen und Wünschen bitte an das Postfach statistik@wiesbaden.de wenden. Hinweis zur Geheimhaltung: Zur Wahrung des Datenschutzes und statistischer Geheimhaltung wurden Zellen mit kleinen Fallzahlen angepasst. Für alle numerischen Werte gilt: Werte kleiner als 3 werden auf 0 gesetzt, Werte zwischen 3 und 5 werden auf 5 gerundet. Zusätzlich wird bei Bedarf eine weitere Zelle auf 5 gesetzt, um Rückschlüsse über Rand- bzw. Gesamtsummen zu vermeiden.;CSV, JSON;2026-02-02;https://opendata.cloud.wiesbaden.de/app/data-catalog/6d46b621-7c06-428c-b529-225a5795832e;6d46b621-7c06-428c-b529-225a5795832e;12_statistik_stadtforschung_lhw
Amt für Statistik und Stadtforschung, Landeshauptstadt Wiesbaden;SOCI, REGI;Bevölkerung und Gesellschaft / Regionen und Städte;Wohnungs- und Gebäudestruktur in Wiesbaden – 2012 bis 2024;Dieser Datensatz ist ein Auszug aus dem Statistischen Informationssystems des Amtes für Statistik und Stadtforschung aus dem Kapitel 'Bauen und Wohnen'. Erläuterungen: - Als Wohnung gilt die Gesamtheit der Räume, die zur Unterbringung eines Haushalts bestimmt ist und die eine eigene Küche oder Kochnische sowie einen eigenen Wohnungseingang aufweist. - Wohngebäude sind Gebäude, die mindestens zur Hälfte (gemessen an der Gesamtnutzfläche) Wohnzwecken dienen. - Nichtwohngebäude sind Gebäude, die überwiegend für Nichtwohnzwecke (gemessen an der Gesamtnutzfläche) bestimmt sind. Hierzu zählen beispielsweise Bürogebäude, gewerbliche Betriebsgebäude oder Schulgebäude. Als Nichtwohngebäude werden aber auch Gebäude mit gemischter Nutzung gezählt, bei denen weniger als die Hälfte Wohnzwecken dient. Spaltenübersicht: - Jahr - Wohnungsbestand - Veränderung - Wohnungsbestand in Wohngebäuden - Wohnungsbestand in Ein- und Zweifamilienhäuser - Wohnungsbestand in Nichtwohngebäuden - Wohnungsbestand der 1-Raum-Wohnungen - Wohnungsbestand der 2-Raum-Wohnungen - Wohnungsbestand der 3-Raum-Wohnungen - Wohnungsbestand der 4-Raum-Wohnungen - Wohnungsbestand der 5-und-mehr-Raum-Wohnungen - Durchschnittliche Wohnfläche je Wohnung in qm - Durchschnittliche Wohnfläche je Einwohner in qm - Fertiggestellte Wohnungen im Neubau der letzten 5 Jahre - Wohngebäudebestand - Veränderung 2 - Wohngebäudebestand der Einfamilienhäuser - Wohngebäudebestand der Zweifamilienhäuser - Wohngebäudebestand mit 3 und mehr Wohnungen - Wohnheimbestand - Wohnungsbestand in Wohnheimen Weitere Informationen und Graphiken sind zu finden im Kapitel 'Bauen und Wohnen' unter https://www.wiesbaden.de/jahrbuch. Bei Fragen und Wünschen bitte an das Postfach statistik@wiesbaden.de wenden.;CSV, JSON;2026-01-14;https://opendata.cloud.wiesbaden.de/app/data-catalog/c6706263-4e29-4a36-a55b-806205717b03;c6706263-4e29-4a36-a55b-806205717b03;12_statistik_stadtforschung_lhw
Amt für Statistik und Stadtforschung, Landeshauptstadt Wiesbaden;SOCI, REGI;Bevölkerung und Gesellschaft / Regionen und Städte;Öffentlich geförderter Wohnungsbau, Eigentümerquote, Leerstandsquote in Wiesbaden – 2015 bis 2024;"Dieser Datensatz ist ein Auszug aus dem Statistischen Informationssystems des Amtes für Statistik und Stadtforschung aus dem Kapitel 'Bauen und Wohnen'. Quelle: empirica regio GmbH; Gutachterausschuss für Immobilienwerte für den Bereich der Stadt Wiesbaden; Amt für Soziale Arbeit; Tiefbau- und Vermessungsamt Erläuterungen: - Als Wohnung gilt die Gesamtheit der Räume, die zur Unterbringung eines Haushalts bestimmt ist und die eine eigene Küche oder Kochnische sowie einen eigenen Wohnungseingang aufweist. - Sozialmietwohnungen sind hier definiert als Wohnungen mit Mietpreis- und Belegungsbindungen aus Bundes- und Landesprogrammen der Wohnraumförderung für Haushalte mit unteren und mittleren Einkommen. - Eigentümerquote ist der Anteil der Haushalte, die in selbstgenutztem Wohneigentum leben. Der Besitz von vermieteten Wohnimmobilien wird nicht abgebildet. - CBRE-empirica ermittelt auf Basis von Geschosswohnungen mit Zentralheizung und/oder zentraler Warmwasserversorgung (Stichprobe ist der Bestand der von CBRE bewirtschafteten Wohnungen) einen Leerstand (d.h. kein bestehender Mietvertrag, keine Mietzahlungen). Zur Berechnung der Leerstandsquote werden die Leerstände auf alle Geschosswohnungen im Wohnungsbestand (Ein- bis Zweifamilienhäuser sind von der Berechnung ausgeschlossen) bezogen. Spaltenübersicht: - Jahr - Sozialmietwohnungen gesamt - Veränderung gegenüber dem Vorjahr - Eigentümerquote Weitere Informationen und Graphiken sind zu finden im Kapitel 'Bauen und Wohnen' unter https://www.wiesbaden.de/jahrbuch. Bei Fragen und Wünschen bitte an das Postfach statistik@wiesbaden.de wenden.";CSV, JSON;2026-01-14;https://opendata.cloud.wiesbaden.de/app/data-catalog/2b8aa51c-3558-46d9-ad8a-8a3bad39d82f;2b8aa51c-3558-46d9-ad8a-8a3bad39d82f;12_statistik_stadtforschung_lhw
Amt für Statistik und Stadtforschung, Landeshauptstadt Wiesbaden;SOCI, REGI;Bevölkerung und Gesellschaft / Regionen und Städte;Übersicht Bauen und Wohnen in Wiesbaden – 2012 bis 2024;Dieser Datensatz ist ein Auszug aus dem Statistischen Informationssystems des Amtes für Statistik und Stadtforschung aus dem Kapitel 'Bauen und Wohnen'. Quelle: Hessisches Statistisches Landesamt Erläuterungen: - Als Wohnung gilt die Gesamtheit der Räume, die zur Unterbringung eines Haushalts bestimmt ist und die eine eigene Küche oder Kochnische sowie einen eigenen Wohnungseingang aufweist. - Wohngebäude sind Gebäude, die mindestens zur Hälfte (gemessen an der Gesamtnutzfläche) Wohnzwecken dienen. Spaltenübersicht: - Jahr - Wohnungsbestand - Wohngebäudebestand - Wohngebäudebestand mit 1-2 Wohnungen - Wohngebäudebestand mit 3 und mehr Wohnungen - Durchschnittliche Wohnfläche je Wohnung in qm - Fertiggestellte Wohnungen im Neubau Weitere Informationen und Graphiken sind zu finden im Kapitel 'Bauen und Wohnen' unter https://www.wiesbaden.de/jahrbuch. Bei Fragen und Wünschen bitte an das Postfach statistik@wiesbaden.de wenden.;CSV, JSON;2026-01-14;https://opendata.cloud.wiesbaden.de/app/data-catalog/360a1d64-d744-4dd1-a111-5fe669dfa873;360a1d64-d744-4dd1-a111-5fe669dfa873;12_statistik_stadtforschung_lhw
Amt für Statistik und Stadtforschung, Landeshauptstadt Wiesbaden;SOCI, REGI, EDUC;Bevölkerung und Gesellschaft / Regionen und Städte / Bildung, Kultur und Sport;Schulentlassene aus allgemeinbildenden Schulen in Wiesbaden - 2019 bis 2024;"Dieser Datensatz ist ein Auszug aus dem Statistischen Informationssystems des Amtes für Statistik und Stadtforschung aus dem Kapitel 'Bildung und Ausbildung'. Die Erhebungen an den allgemeinbildenden und den beruflichen Schulen beruhen auf einer Verordnung des Hessischen Kultusministeriums; sie werden jährlich im Herbst zu Beginn des Schuljahres durchgeführt und erstrecken sich auf alle öffentlichen und privaten Schulen. Alle Angaben beziehen sich auf den Schulort Wiesbaden – unabhängig vom Wohnort der Schülerinnen und Schüler. Aus Gründen des Datenschutzes und der statistischen Geheimhaltung werden Einzelwerte mit sehr geringen Fallzahlen nicht ausgewiesen. Betroffene Werte sind in den bereitgestellten Daten als fehlend gekennzeichnet (leeres Feld im CSV bzw. null im JSON). Quelle: Hessisches Statistisches Landesamt Erläuterungen: - Schulentlassene werden nach der Art ihres Abschlusses nachgewiesen: ohne Hauptschulabschluss: einschließlich schulartspezifischem Förderschulabschluss, mit Hauptschulabschluss - einschließlich qualifizierendem Hauptschulabschluss; mit Realschulabschluss - einschließlich qualifizierendem Realschulabschuss, mit Fachhochschulreife, mit allgemeiner Hochschulreife - Migrationshintergrund: Bei Schülerinnen und Schülern ist ein Migrationshintergrund anzunehmen, wenn mindestens eines der folgenden Merkmale zutrifft: mindestens eine nichtdeutsche Staatsangehörigkeit; nichtdeutsches Geburtsland; nichtdeutsche Verkehrssprache in der Familie bzw. im häuslichen Umfeld. Spaltenübersicht: - Jahr - Schulentlassene aus allgemeinbildenden Schulen - Schulentlassene aus allgemeinbildenden Schulen ohne Hauptschulabschluss - Schulentlassene aus allgemeinbildenden Schulen mit Hauptschulabschluss - Schulentlassene aus allgemeinbildenden Schulen mit Realschulabschluss - Schulentlassene aus allgemeinbildenden Schulen mit Fachhochschulreife - Schulentlassene aus allgemeinbildenden Schulen mit allgemeiner Hochschulreife - Schulentlassene Schülerinnen aus allgemeinbildenden Schulen - Schulentlassene Schülerinnen aus allgemeinbildenden Schulen ohne Hauptschulabschluss - Schulentlassene Schülerinnen aus allgemeinbildenden Schulen mit Hauptschulabschluss - Schulentlassene Schülerinnen aus allgemeinbildenden Schulen mit Realschulabschluss - Schulentlassene Schülerinnen aus allgemeinbildenden Schulen mit Fachhochschulreife - Schulentlassene Schülerinnen aus allgemeinbildenden Schulen mit allgemeiner Hochschulreife - Schulentlassene ausländische Schülerinnen und Schüler aus allgemeinbildenden Schulen - Schulentlassene ausländische Schülerinnen und Schüler aus allgemeinbildenden Schulen ohne Hauptschulabschluss - Schulentlassene ausländische Schülerinnen und Schüler aus allgemeinbildenden Schulen mit Hauptschulabschluss - Schulentlassene ausländische Schülerinnen und Schüler aus allgemeinbildenden Schulen mit Realschulabschluss - Schulentlassene ausländische Schülerinnen und Schüler aus allgemeinbildenden Schulen mit Fachhochschulreife - Schulentlassene ausländische Schülerinnen und Schüler aus allgemeinbildenden Schulen mit allgemeiner Hochschulreife - Schulentlassene Schülerinnen und Schüler mit Migrationshintergrund aus allgemeinbildenden Schulen - Schulentlassene Schülerinnen und Schüler mit Migrationshintergrund aus allgemeinbildenden Schulen ohne Hauptschulabschluss - Schulentlassene Schülerinnen und Schüler mit Migrationshintergrund aus allgemeinbildenden Schulen mit Hauptschulabschluss - Schulentlassene Schülerinnen und Schüler mit Migrationshintergrund aus allgemeinbildenden Schulen mit Realschulabschluss - Schulentlassene Schülerinnen und Schüler mit Migrationshintergrund aus allgemeinbildenden Schulen mit Fachhochschulreife - Schulentlassene Schülerinnen und Schüler mit Migrationshintergrund aus allgemeinbildenden Schulen mit allgemeiner Hochschulreife Weitere Informationen und Graphiken sind zu finden im Kapitel 'Bildung und Ausbildung' unter https://www.wiesbaden.de/jahrbuch. Bei Fragen und Wünschen bitte an das Postfach statistik@wiesbaden.de wenden.";CSV, JSON;2026-01-14;https://opendata.cloud.wiesbaden.de/app/data-catalog/287c7b95-f9d7-4d33-81ff-24408933eb7f;287c7b95-f9d7-4d33-81ff-24408933eb7f;12_statistik_stadtforschung_lhw
Mobilithek;TRAN;Verkehr;P+R Hessen (dynamische Daten);Die Publikation enthält dynamische Belegungsdaten zu ausgewählten Park und Ride-Anlagen in Hessen. Zurzeit sind die Belegungsdaten der P+R-Anlagen in Eppstein und Eschborn enthalten.;XML;2026-04-30;https://opendata.cloud.wiesbaden.de/app/data-catalog/986579619578552320;986579619578552320;mobilithek
Mobilithek;TRAN;Verkehr;Wiesbaden Parkdaten dynamisch;Wiesbaden Parkdaten dynamisch;XML;2023-06-23;https://opendata.cloud.wiesbaden.de/app/data-catalog/110000000003165000;110000000003165000;mobilithek
Mobilithek;TRAN;Verkehr;Wiesbaden Parkdaten statisch;Wiesbaden Parkdaten statisch;XML;2024-03-25;https://opendata.cloud.wiesbaden.de/app/data-catalog/110000000003166000;110000000003166000;mobilithek
Mobilithek;TRAN;Verkehr;Wiesbaden Umweltdaten dynamisch;Wiesbaden Umweltdaten dynamisch;XML;2023-06-20;https://opendata.cloud.wiesbaden.de/app/data-catalog/110000000003165003;110000000003165003;mobilithek
Mobilithek;TRAN;Verkehr;Wiesbaden Umweltdaten statisch;Wiesbaden Umweltdaten statisch;XML;2023-06-20;https://opendata.cloud.wiesbaden.de/app/data-catalog/110000000003166001;110000000003166001;mobilithek
Mobilithek;TRAN;Verkehr;Wiesbaden Verkehrsdaten dynamisch;Wiesbaden Verkehrsdaten dynamisch;XML;2023-06-20;https://opendata.cloud.wiesbaden.de/app/data-catalog/110000000003165001;110000000003165001;mobilithek
Mobilithek;TRAN;Verkehr;Wiesbaden Verkehrsdaten statisch;Wiesbaden Verkehrsdaten statisch;XML;2023-06-20;https://opendata.cloud.wiesbaden.de/app/data-catalog/110000000003167000;110000000003167000;mobilithek
Amt für Statistik und Stadtforschung, Landeshauptstadt Wiesbaden;TRAN;Verkehr;Öffentliche Ladeeinrichtungen in Wiesbaden - Januar 2026;"Öffentliche Ladeeinrichtungen in Wiesbaden, aus dem Ladesäulenregister der Bundesnetzagentur (gemeldete, zur Veröffentlichung freigegebene Punkte; kein Echtzeit-Status auf https://www.bundesnetzagentur.de/; keine Vollständigkeitsgarantie). Die Zuordnung zu Ortsbezirken erfolgt durch eigene Berechnungen per Geokoordinaten (Punkt-in-Polygon) anhand der Ortsbezirksgrenzen der Landeshauptstadt Wiesbaden.";CSV, GEOJSON;2025-09-13;https://opendata.cloud.wiesbaden.de/app/data-catalog/fddf927f-0479-41e4-992e-836c25344452;fddf927f-0479-41e4-992e-836c25344452;12_statistik_stadtforschung_lhw
Mobilithek;TRAN, GOVE, REGI;Verkehr / Regierung und öffentlicher Sektor / Regionen und Städte;Lkw-relevante Beschilderung Region Frankfurt RheinMain (Schilderstandorte, TN-ITS);Standorte und Ausprägung der für Lkw relevanten StVO-Beschilderungen im TN-ITS-Format. Erfassung, Pflege und Publikation der Daten erfolgt im Rahmen des vom BMDV geförderten Projektes Lkw-Lotse 2.0 (FKZ 16DKV42023);XML;2025-02-28;https://opendata.cloud.wiesbaden.de/app/data-catalog/829773722895159296;829773722895159296;mobilithek
Mobilithek;TRAN, GOVE, REGI;Verkehr / Regierung und öffentlicher Sektor / Regionen und Städte;Verkehrsmeldungen Radverkehr;Die Publikation enthält Verkehrsmeldungen, die den Fahrradverkehr in Hessen, und hier überwiegend auf touristischen Radverbindungen, beeinträchtigen. Die Nutzung der mit dieser Publikation angebotenen Daten unterliegt den beiliegenden Nutzungsbedingungen der ivm GmbH. Mit der Nutzung der in der Publikation enthaltenen Daten akzeptiert der Datennehmer ausdrücklich diese Nutzungsbedingungen.;XML;2023-01-23;https://opendata.cloud.wiesbaden.de/app/data-catalog/551821070661758976;551821070661758976;mobilithek
Mobilithek;TRAN, REGI, GOVE;Verkehr / Regionen und Städte / Regierung und öffentlicher Sektor;Umleitungen von Baustellen Region Frankfurt RheinMain;Umleitungen und Verkehrsmanagementstrategien der Städte und Gemeinden in der Region Frankfurt RheinMain. Zurzeit sind Meldungen folgender Kommunen enthalten: Stadt Friedrichsdorf, Landeshauptstadt Wiesbaden.;BIN;2023-02-23;https://opendata.cloud.wiesbaden.de/app/data-catalog/552191660375584768;552191660375584768;mobilithek
